Name,ParentFunc
BT_TASKS,BT_EXECUTE
BT_EXECUTE,FSM_UPDATE
EVENT_CHECK,ROOT
FSM_UPDATE,AI_HANDLER_UPDATE
EVENT_UPDATE,AI_HANDLER_UPDATE
AI_HANDLER_UPDATE,ROOT

Nr of AI,Name,TimeSpent[ms],TotalRunTime[ms],Iterations,frames
10,BT_TASKS,73.1673,6000,28230,775
20,BT_TASKS,145.539,6000,56260,773
30,BT_TASKS,222.555,6000,84480,772
40,BT_TASKS,295.677,6000,112360,771
50,BT_TASKS,373.698,6000,140250,769
60,BT_TASKS,452.179,6000,168180,767
70,BT_TASKS,530.94,6000,195580,766
80,BT_TASKS,597.597,6000,223600,765
90,BT_TASKS,682.254,6000,250200,762
100,BT_TASKS,769.278,6000,277800,762
110,BT_TASKS,839.698,6000,304920,760
120,BT_TASKS,916.777,6000,332160,758
130,BT_TASKS,994.703,6000,358800,756
140,BT_TASKS,1073.48,6000,385980,755
150,BT_TASKS,1197.39,6000,413400,756
160,BT_TASKS,1237.04,6000,438240,751
170,BT_TASKS,1319.55,6000,461380,742
180,BT_TASKS,1361.89,6000,484560,738
190,BT_TASKS,1423.71,6000,504640,724
200,BT_TASKS,1487.19,6000,520000,706
210,BT_TASKS,1525.32,6000,546630,707
220,BT_TASKS,1572.66,6000,564960,696
230,BT_TASKS,1617.24,6000,584430,687
240,BT_TASKS,1719.31,6000,600720,675
250,BT_TASKS,1723.27,6000,622250,671
260,BT_TASKS,1755.78,6000,638040,660
270,BT_TASKS,1828.83,6000,658709,656
280,BT_TASKS,1883.57,6000,678067,650
290,BT_TASKS,1997,6000,685560,634
300,BT_TASKS,1994.29,6000,708814,631
310,BT_TASKS,2025.06,6000,719737,620
320,BT_TASKS,2064.9,6000,730479,609
330,BT_TASKS,2185.41,6000,724020,590
340,BT_TASKS,2138.35,6000,748938,589
350,BT_TASKS,2172.74,6000,756622,580
360,BT_TASKS,2204.06,6000,766006,572
370,BT_TASKS,2292.63,6000,760350,555
380,BT_TASKS,2323.64,6000,756960,538
390,BT_TASKS,2309.48,6000,776808,538
400,BT_TASKS,2293.37,6000,757533,512
410,BT_TASKS,2304.57,6000,726871,483
420,BT_TASKS,2373.28,6000,753419,492
430,BT_TASKS,2408.14,6000,775657,490
440,BT_TASKS,2420.72,6000,762462,473
450,BT_TASKS,2429.48,6000,773041,470
460,BT_TASKS,2481.25,6000,792061,472
470,BT_TASKS,2516.15,6000,783490,459
480,BT_TASKS,2551.47,6000,785760,451
490,BT_TASKS,2562.24,6000,805507,452
500,BT_TASKS,2600.28,6000,809948,446
510,BT_TASKS,2625.14,6000,809322,439
520,BT_TASKS,2630.84,6000,824666,438
530,BT_TASKS,2660.98,6000,820922,429
540,BT_TASKS,2677.4,6000,802980,415
550,BT_TASKS,2689.7,6000,820526,414
560,BT_TASKS,2706.83,6000,822008,408
570,BT_TASKS,2731.83,6000,811038,397
580,BT_TASKS,2745.35,6000,822948,397
590,BT_TASKS,2764.51,6000,818259,389
600,BT_TASKS,2778.68,6000,817739,383
610,BT_TASKS,2785.32,6000,814292,377
620,BT_TASKS,2814.82,6000,817102,372
630,BT_TASKS,2838.53,6000,820833,369
640,BT_TASKS,2838.23,6000,816581,362
650,BT_TASKS,2866.21,6000,812447,356
660,BT_TASKS,2885.22,6000,813066,352
670,BT_TASKS,2892.5,6000,812657,347
680,BT_TASKS,2911.25,6000,817988,345
690,BT_TASKS,2936.2,6000,816215,339
700,BT_TASKS,2926.58,6000,812700,333
710,BT_TASKS,2962.75,6000,819998,333
720,BT_TASKS,2981.88,6000,814258,327
730,BT_TASKS,2986.68,6000,813898,323
740,BT_TASKS,2981.54,6000,809486,316
750,BT_TASKS,3004.89,6000,815185,315
760,BT_TASKS,3024.15,6000,811626,310
770,BT_TASKS,3024.52,6000,811512,306
780,BT_TASKS,3046.62,6000,811129,304
790,BT_TASKS,3030.44,6000,814424,299
800,BT_TASKS,3070.11,6000,811140,298
810,BT_TASKS,3053.13,6000,794553,287
820,BT_TASKS,3078.66,6000,810101,290
830,BT_TASKS,3081.19,6000,810859,287
840,BT_TASKS,3088.59,6000,802123,281
850,BT_TASKS,3102.09,6000,797227,276
860,BT_TASKS,3128.82,6000,814408,277
870,BT_TASKS,3143.72,6000,802068,272
880,BT_TASKS,3140.14,6000,801613,269
890,BT_TASKS,3154.71,6000,809003,269
900,BT_TASKS,3180.85,6000,800932,264
910,BT_TASKS,3125.24,6000,787145,255
920,BT_TASKS,3180.25,6000,783779,252
930,BT_TASKS,3157.42,6000,774633,249
940,BT_TASKS,3171.53,6000,785785,250
950,BT_TASKS,3195.25,6000,779890,245
960,BT_TASKS,3228.1,6000,786133,245
970,BT_TASKS,3218.37,6000,776864,241
980,BT_TASKS,3201.41,6000,765284,235
990,BT_TASKS,3248.41,6000,783984,238
1000,BT_TASKS,3245.28,6000,776902,233
1010,BT_TASKS,3253.05,6000,774578,231
1020,BT_TASKS,3205.16,6000,774170,229
1030,BT_TASKS,3238.81,6000,763125,223
1040,BT_TASKS,3256.89,6000,763237,222
1050,BT_TASKS,3222.73,6000,754843,219
1060,BT_TASKS,3250.65,6000,749320,215
1070,BT_TASKS,3288.56,6000,764954,217
1080,BT_TASKS,3221.2,6000,749491,210
1090,BT_TASKS,3241.34,6000,758616,212
1100,BT_TASKS,3300.51,6000,756690,210
1110,BT_TASKS,3313.99,6000,760322,207
1120,BT_TASKS,3309.78,6000,748060,206
1130,BT_TASKS,3307.83,6000,761591,206
1140,BT_TASKS,3340.18,6000,755730,203
1150,BT_TASKS,3340.96,6000,745120,200
1160,BT_TASKS,3354.44,6000,746942,196
1170,BT_TASKS,3381.22,6000,741695,194
1180,BT_TASKS,3364.61,6000,744475,193
1190,BT_TASKS,3364.4,6000,738910,191
1200,BT_TASKS,3353.4,6000,752373,193
1210,BT_TASKS,3367.74,6000,750170,190
1220,BT_TASKS,3378.72,6000,742918,189
1230,BT_TASKS,3387.87,6000,742861,186
1240,BT_TASKS,3376.09,6000,740227,185
1250,BT_TASKS,3374.74,6000,744978,184
1260,BT_TASKS,3397.09,6000,744569,183
1270,BT_TASKS,3404.6,6000,731430,178
1280,BT_TASKS,3385.37,6000,741087,179
1290,BT_TASKS,3406.69,6000,739102,177
1300,BT_TASKS,3312.26,6000,703228,163
1310,BT_TASKS,3375.03,6000,709963,166
1320,BT_TASKS,3379.46,6000,708790,165
1330,BT_TASKS,3406.78,6000,718155,168
1340,BT_TASKS,3417.99,6000,726193,168
1350,BT_TASKS,3381.66,6000,716790,165
1360,BT_TASKS,3459.49,6000,735689,169
1370,BT_TASKS,3423.64,6000,701357,158
1380,BT_TASKS,3449.36,6000,724403,163
1390,BT_TASKS,3464.89,6000,736679,164
1400,BT_TASKS,3461.44,6000,729305,163
1410,BT_TASKS,3447.43,6000,728950,161
1420,BT_TASKS,3462.03,6000,726956,160
1430,BT_TASKS,3479.35,6000,733570,161
1440,BT_TASKS,3457.3,6000,725750,158
1450,BT_TASKS,3474.56,6000,733615,158
1460,BT_TASKS,3492.61,6000,721158,154
1470,BT_TASKS,3492.18,6000,718773,153
1480,BT_TASKS,3492.39,6000,726678,155
1490,BT_TASKS,3500.11,6000,724133,152
1500,BT_TASKS,3524.92,6000,725938,152
1510,BT_TASKS,3513.37,6000,727818,152
1520,BT_TASKS,3491.39,6000,714398,148
1530,BT_TASKS,3519.92,6000,719051,148
1540,BT_TASKS,3553.36,6000,728420,149
1550,BT_TASKS,3541.25,6000,725395,146
1560,BT_TASKS,3542.14,6000,715996,145
1570,BT_TASKS,3565.38,6000,719015,144
1580,BT_TASKS,3555.48,6000,720438,144
1590,BT_TASKS,3551.27,6000,715462,142
1600,BT_TASKS,3528.78,6000,716791,142
1610,BT_TASKS,3572.8,6000,719660,141
1620,BT_TASKS,3546.6,6000,712773,140
1630,BT_TASKS,3563.09,6000,707378,138
1640,BT_TASKS,3585.2,6000,710071,137
1650,BT_TASKS,3602.01,6000,707838,133
1660,BT_TASKS,3614.74,6000,718712,137
1670,BT_TASKS,3595.92,6000,709699,135
1680,BT_TASKS,3593.32,6000,707232,135
1690,BT_TASKS,3587.94,6000,704700,133
1700,BT_TASKS,3572.77,6000,700373,132
1710,BT_TASKS,3610.52,6000,702778,131
1720,BT_TASKS,3615.52,6000,706878,131
1730,BT_TASKS,3640.2,6000,705791,130
1740,BT_TASKS,3579.65,6000,694241,129
1750,BT_TASKS,3659.14,6000,705220,129
1760,BT_TASKS,3642.07,6000,702214,127
1770,BT_TASKS,3651.17,6000,693753,126
1780,BT_TASKS,3699.25,6000,703007,127
1790,BT_TASKS,3656.59,6000,698063,126
1800,BT_TASKS,3656.77,6000,692964,123
1810,BT_TASKS,3680.6,6000,691318,122
1820,BT_TASKS,3695.33,6000,698754,124
1830,BT_TASKS,3688.62,6000,684284,120
1840,BT_TASKS,3714.18,6000,691697,122
1850,BT_TASKS,3732.31,6000,693613,121
1860,BT_TASKS,3733.27,6000,678781,115
1870,BT_TASKS,3718.03,6000,684312,118
1880,BT_TASKS,3750.72,6000,676653,116
1890,BT_TASKS,3742.01,6000,685954,119
1900,BT_TASKS,3773.4,6000,681951,117
1910,BT_TASKS,3748.59,6000,683649,116
1920,BT_TASKS,3758.46,6000,675717,114
1930,BT_TASKS,3744.36,6000,663733,112
1940,BT_TASKS,3734.14,6000,665217,113
1950,BT_TASKS,3772.5,6000,672492,113
1960,BT_TASKS,3765.29,6000,658301,110
1970,BT_TASKS,3762.62,6000,657792,110
1980,BT_TASKS,3786.33,6000,665021,110
1990,BT_TASKS,3761.19,6000,654517,109
2000,BT_TASKS,3806.19,6000,663680,110
2010,BT_TASKS,3783.71,6000,650908,108
2020,BT_TASKS,3787.8,6000,654163,108
2030,BT_TASKS,3795.81,6000,651311,107
2040,BT_TASKS,3812.23,6000,628710,104
2050,BT_TASKS,3861.65,6000,643672,104
2060,BT_TASKS,3872.84,6000,644698,103
2070,BT_TASKS,3821.66,6000,617927,100
2080,BT_TASKS,3904.55,6000,620973,100
2086,BT_TASKS,3854.15,6000,608471,99
2100,BT_TASKS,3848.42,6000,620118,99
2110,BT_TASKS,3879.76,6000,621139,98
2086,BT_TASKS,3832.37,6000,614780,100
2086,BT_TASKS,3909.63,6000,633371,101
2110,BT_TASKS,3896.75,6000,629623,100
2110,BT_TASKS,3904.32,6000,625407,100
2110,BT_TASKS,3880.52,6000,627406,99
2110,BT_TASKS,3890.39,6000,623318,99
2110,BT_TASKS,3880.58,6000,629651,100
2110,BT_TASKS,3899.44,6000,631848,101
2086,BT_TASKS,3877.21,6000,625224,101
2086,BT_TASKS,3888.03,6000,623032,100
2110,BT_TASKS,3923.71,6000,629697,100
2086,BT_TASKS,3923.42,6000,633313,101
2110,BT_TASKS,3863.71,6000,629635,100
2086,BT_TASKS,3886.61,6000,622956,100
2110,BT_TASKS,3847.83,6000,621398,100
2086,BT_TASKS,3493.43,6000,814171,130
2086,BT_TASKS,3924.52,6000,629282,101
2110,BT_TASKS,3912.62,6000,623314,99
2110,BT_TASKS,3859.68,6000,614800,97
2086,BT_TASKS,3873.32,6000,625161,101
2086,BT_TASKS,3859.03,6000,622948,100
2110,BT_TASKS,3886.62,6000,623260,99
2110,BT_TASKS,3875.88,6000,631806,101
2086,BT_TASKS,3919.63,6000,622940,100
2110,BT_TASKS,3887.75,6000,629587,100
2110,BT_TASKS,3906.42,6000,623127,99
2110,BT_TASKS,3832.87,6000,621438,100
2086,BT_TASKS,3885.77,6000,612299,97
2110,BT_TASKS,3867.61,6000,619130,99
2086,BT_TASKS,3869.76,6000,622972,100
2086,BT_TASKS,3919.13,6000,629117,101
2110,BT_TASKS,3915.23,6000,629678,100
2086,BT_TASKS,3864.19,6000,625151,101
2086,BT_TASKS,3853.72,6000,622993,100
2086,BT_TASKS,3834.46,6000,618875,100
2110,BT_TASKS,3838.51,6000,615057,99
2110,BT_TASKS,3904.44,6000,621046,98
2086,BT_TASKS,3857.33,6000,625160,101
2110,BT_TASKS,3862.17,6000,623319,99
2086,BT_TASKS,3863.67,6000,623026,100
2110,BT_TASKS,3925.26,6000,629632,100
2110,BT_TASKS,3879.94,6000,621056,98
2110,BT_TASKS,3877.96,6000,629684,100
2110,BT_TASKS,3916.57,6000,629531,100
2110,BT_TASKS,3926.48,6000,627508,99
2086,BT_TASKS,3859.31,6000,622959,100
2110,BT_TASKS,3828.84,6000,619209,99
2086,BT_TASKS,3880.58,6000,618683,98
2086,BT_TASKS,3912.72,6000,627080,100
2110,BT_TASKS,3887.4,6000,629658,100
2086,BT_TASKS,3831.85,6000,618668,98
2110,BT_TASKS,3813.63,6000,612824,98
2086,BT_TASKS,3800.91,6000,614493,98
2086,BT_TASKS,3898.9,6000,622896,100
2086,BT_TASKS,3870.46,6000,625114,101
2086,BT_TASKS,3868.15,6000,622901,100
2086,BT_TASKS,3878.33,6000,625168,101
2110,BT_TASKS,3841.11,6000,623313,99
2086,BT_TASKS,3876.87,6000,622999,100
2086,BT_TASKS,3886,6000,622918,100
2110,BT_TASKS,3904.37,6000,625486,100
2086,BT_TASKS,3844.29,6000,625139,101
2110,BT_TASKS,3898.16,6000,629640,100
2086,BT_TASKS,3861.35,6000,620820,99
2086,BT_TASKS,3912.11,6000,624909,99
2110,BT_TASKS,3858.78,6000,625422,100
2086,BT_TASKS,3827.05,6000,616692,99
2110,BT_TASKS,3851.16,6000,619140,99
2110,BT_TASKS,3860.14,6000,623307,99
2086,BT_TASKS,3828.59,6000,621116,101
2086,BT_TASKS,3919.42,6000,620868,99
2086,BT_TASKS,3847.16,6000,625152,101
2110,BT_TASKS,3857.13,6000,623261,99
2086,BT_TASKS,3926.17,6000,633313,101
2086,BT_TASKS,3859.35,6000,625169,101
2086,BT_TASKS,3844.48,6000,622852,100
2086,BT_TASKS,3912.79,6000,625138,101
2086,BT_TASKS,3879.65,6000,625179,101
2086,BT_TASKS,3898.04,6000,633406,101
2086,BT_TASKS,3842.8,6000,625131,101
2086,BT_TASKS,3880.31,6000,622916,100
2110,BT_TASKS,3914.6,6000,631822,101
2086,BT_TASKS,3877.5,6000,622949,100
2086,BT_TASKS,3851.21,6000,616592,99
2110,BT_TASKS,3858.76,6000,623199,99
2086,BT_TASKS,3895.02,6000,625120,101
2110,BT_TASKS,3859.76,6000,623331,99
2086,BT_TASKS,3823.32,6000,620797,99
2110,BT_TASKS,3876.35,6000,631815,101
2110,BT_TASKS,3876.7,6000,629695,100
2086,BT_TASKS,3842.42,6000,623001,100
2110,BT_TASKS,3832.63,6000,612625,96
2086,BT_TASKS,3893.03,6000,622951,100
2086,BT_TASKS,3878.5,6000,629287,101
2086,BT_TASKS,3865.23,6000,629312,101
2086,BT_TASKS,3907.96,6000,623017,100
2086,BT_TASKS,3863.51,6000,622957,100
2086,BT_TASKS,3887.15,6000,618769,100
2086,BT_TASKS,3841.43,6000,616670,99
2110,BT_TASKS,3843.12,6000,623315,99
2110,BT_TASKS,3916.73,6000,629653,100
2110,BT_TASKS,3883.23,6000,621070,98
2110,BT_TASKS,3878.34,6000,623319,99
2086,BT_TASKS,3880.08,6000,616699,99
2110,BT_TASKS,3828.91,6000,614933,99
2110,BT_TASKS,3852.38,6000,623261,99
2110,BT_TASKS,3853.89,6000,623297,99
2086,BT_TASKS,3829.87,6000,625117,101
2110,BT_TASKS,3880.67,6000,614963,99
2086,BT_TASKS,3839.21,6000,625134,101
2110,BT_TASKS,3869.83,6000,623414,99
2086,BT_TASKS,3893.56,6000,618549,98
2110,BT_TASKS,3875.24,6000,623177,99
2086,BT_TASKS,3853.8,6000,625127,101
2086,BT_TASKS,3859.36,6000,623000,100
2086,BT_TASKS,3836.59,6000,622992,100
2086,BT_TASKS,3885.91,6000,622984,100
2086,BT_TASKS,3872.93,6000,629323,101
2086,BT_TASKS,3880.59,6000,623029,100
2086,BT_TASKS,3872.15,6000,620852,99
2086,BT_TASKS,3871.81,6000,623006,100
2086,BT_TASKS,3859.83,6000,616701,99
2086,BT_TASKS,3849.54,6000,622989,100
2086,BT_TASKS,3838.53,6000,620851,99
2086,BT_TASKS,3834.41,6000,623011,100
2086,BT_TASKS,3901.39,6000,624871,99
2086,BT_TASKS,3887.2,6000,622996,100
2110,BT_TASKS,3810.27,6000,621342,100
2086,BT_TASKS,3852.96,6000,622990,100
2110,BT_TASKS,3830.82,6000,623347,99
2110,BT_TASKS,3903.13,6000,627369,99
2086,BT_TASKS,3878.84,6000,620820,99
2086,BT_TASKS,3898.36,6000,623013,100
2086,BT_TASKS,3851.23,6000,620835,99
2086,BT_TASKS,3880.56,6000,614543,98
2086,BT_TASKS,3864.94,6000,620883,99
2086,BT_TASKS,3901.27,6000,616730,99
2086,BT_TASKS,3871.83,6000,622953,100
2086,BT_TASKS,3872.98,6000,618853,100
2086,BT_TASKS,3866.5,6000,623078,100
2086,BT_TASKS,3857.38,6000,623030,100
2086,BT_TASKS,3919,6000,631195,100
2086,BT_TASKS,3848.73,6000,625151,101
2086,BT_TASKS,3844.93,6000,623026,100
2086,BT_TASKS,3859.85,6000,622964,100
2086,BT_TASKS,3842.19,6000,620897,99
2110,BT_TASKS,3867.39,6000,625468,100
2110,BT_TASKS,3900.01,6000,623253,99
2110,BT_TASKS,3841.18,6000,623295,99
2110,BT_TASKS,3892.78,6000,623184,99
2110,BT_TASKS,3894.37,6000,618941,97
2110,BT_TASKS,3905.59,6000,623213,99
2086,BT_TASKS,3897.57,6000,620769,99
2086,BT_TASKS,3904.14,6000,628974,99
2086,BT_TASKS,3848.21,6000,622949,100
2110,BT_TASKS,3863.54,6000,625445,100
2086,BT_TASKS,3861.74,6000,625118,101
2086,BT_TASKS,3933.78,6000,633394,101
2086,BT_TASKS,3873.88,6000,622989,100
2110,BT_TASKS,3904.86,6000,623234,99
2086,BT_TASKS,3914.89,6000,633335,101
2110,BT_TASKS,3815.46,6000,619088,99
2086,BT_TASKS,3868.97,6000,622883,100
2086,BT_TASKS,3854.31,6000,620843,99
2086,BT_TASKS,3862.07,6000,623111,100
2086,BT_TASKS,3875.37,6000,622953,100
2086,BT_TASKS,3819.18,6000,623037,100
2086,BT_TASKS,3869.83,6000,623061,100
2110,BT_TASKS,3899.84,6000,623259,99
2086,BT_TASKS,3835.08,6000,622996,100
2110,BT_TASKS,3832.92,6000,612807,98
2086,BT_TASKS,3848.07,6000,616649,99
2086,BT_TASKS,3813.64,6000,612342,97
2086,BT_TASKS,3858.34,6000,625112,101
2086,BT_TASKS,3854.54,6000,623071,100
2110,BT_TASKS,3911.5,6000,629686,100
2086,BT_TASKS,3861.4,6000,616549,99
2110,BT_TASKS,3904.77,6000,618917,97
2110,BT_TASKS,3903.39,6000,623256,99
2110,BT_TASKS,3897.02,6000,621089,98
2086,BT_TASKS,3915.87,6000,633391,101
2086,BT_TASKS,3868.04,6000,625019,101
2086,BT_TASKS,3838.85,6000,625172,101
2086,BT_TASKS,3847.4,6000,623006,100
2110,BT_TASKS,3871.83,6000,629677,100
2086,BT_TASKS,3912.33,6000,622970,100
2110,BT_TASKS,3815.72,6000,612836,98
2086,BT_TASKS,3845.78,6000,622983,100
2086,BT_TASKS,3779.33,6000,602027,96

Nr of AI,Name,TimeSpent[ms],TotalRunTime[ms],Iterations,frames
10,BT_EXECUTE,75.3514,6000,7750,775
20,BT_EXECUTE,149.592,6000,15460,773
30,BT_EXECUTE,228.192,6000,23160,772
40,BT_EXECUTE,303.28,6000,30840,771
50,BT_EXECUTE,382.527,6000,38450,769
60,BT_EXECUTE,463.294,6000,46020,767
70,BT_EXECUTE,542.941,6000,53620,766
80,BT_EXECUTE,610.718,6000,61200,765
90,BT_EXECUTE,697.817,6000,68580,762
100,BT_EXECUTE,786.81,6000,76200,762
110,BT_EXECUTE,857.534,6000,83600,760
120,BT_EXECUTE,937.369,6000,90960,758
130,BT_EXECUTE,1016.38,6000,98280,756
140,BT_EXECUTE,1095.48,6000,105700,755
150,BT_EXECUTE,1221.62,6000,113400,756
160,BT_EXECUTE,1262.97,6000,120160,751
170,BT_EXECUTE,1347.47,6000,126140,742
180,BT_EXECUTE,1390.35,6000,132840,738
190,BT_EXECUTE,1453.76,6000,137560,724
200,BT_EXECUTE,1519.47,6000,141200,706
210,BT_EXECUTE,1557.63,6000,148470,707
220,BT_EXECUTE,1607.72,6000,153120,696
230,BT_EXECUTE,1653.5,6000,158010,687
240,BT_EXECUTE,1755.59,6000,162000,675
250,BT_EXECUTE,1760.72,6000,167750,671
260,BT_EXECUTE,1794.11,6000,171600,660
270,BT_EXECUTE,1869.33,6000,177120,656
280,BT_EXECUTE,1923.71,6000,182000,650
290,BT_EXECUTE,2037.63,6000,183860,634
300,BT_EXECUTE,2037.83,6000,189300,631
310,BT_EXECUTE,2069.91,6000,192200,620
320,BT_EXECUTE,2110.52,6000,194880,609
330,BT_EXECUTE,2234.65,6000,194700,590
340,BT_EXECUTE,2187.3,6000,200260,589
350,BT_EXECUTE,2224.39,6000,203000,580
360,BT_EXECUTE,2254.11,6000,205920,572
370,BT_EXECUTE,2339.2,6000,205350,555
380,BT_EXECUTE,2371.35,6000,204440,538
390,BT_EXECUTE,2358.15,6000,209820,538
400,BT_EXECUTE,2343.26,6000,204800,512
410,BT_EXECUTE,2359.61,6000,198030,483
420,BT_EXECUTE,2427.69,6000,206640,492
430,BT_EXECUTE,2463.59,6000,210700,490
440,BT_EXECUTE,2474.79,6000,208120,473
450,BT_EXECUTE,2483.19,6000,211500,470
460,BT_EXECUTE,2535.02,6000,217120,472
470,BT_EXECUTE,2568.56,6000,215730,459
480,BT_EXECUTE,2608.34,6000,216480,451
490,BT_EXECUTE,2620.58,6000,221480,452
500,BT_EXECUTE,2657.71,6000,223000,446
510,BT_EXECUTE,2677.2,6000,223890,439
520,BT_EXECUTE,2687.51,6000,227760,438
530,BT_EXECUTE,2714.19,6000,227370,429
540,BT_EXECUTE,2732.77,6000,224100,415
550,BT_EXECUTE,2745.85,6000,227700,414
560,BT_EXECUTE,2762.39,6000,228480,408
570,BT_EXECUTE,2786.62,6000,226290,397
580,BT_EXECUTE,2801.78,6000,230260,397
590,BT_EXECUTE,2822.46,6000,229510,389
600,BT_EXECUTE,2835.99,6000,229800,383
610,BT_EXECUTE,2842.46,6000,229970,377
620,BT_EXECUTE,2872.59,6000,230640,372
630,BT_EXECUTE,2894.54,6000,232470,369
640,BT_EXECUTE,2896.01,6000,231680,362
650,BT_EXECUTE,2924.04,6000,231400,356
660,BT_EXECUTE,2942.63,6000,232320,352
670,BT_EXECUTE,2953.24,6000,232490,347
680,BT_EXECUTE,2969.3,6000,234600,345
690,BT_EXECUTE,2994.48,6000,233910,339
700,BT_EXECUTE,2984.61,6000,233100,333
710,BT_EXECUTE,3020.96,6000,236430,333
720,BT_EXECUTE,3040.96,6000,235440,327
730,BT_EXECUTE,3043.41,6000,235790,323
740,BT_EXECUTE,3037.97,6000,233840,316
750,BT_EXECUTE,3061.68,6000,236250,315
760,BT_EXECUTE,3084.21,6000,235600,310
770,BT_EXECUTE,3082.76,6000,235620,306
780,BT_EXECUTE,3104,6000,237120,304
790,BT_EXECUTE,3088.13,6000,236210,299
800,BT_EXECUTE,3130.05,6000,238400,298
810,BT_EXECUTE,3112.14,6000,232470,287
820,BT_EXECUTE,3136.91,6000,237800,290
830,BT_EXECUTE,3141.21,6000,238210,287
840,BT_EXECUTE,3146.32,6000,236040,281
850,BT_EXECUTE,3160.05,6000,234600,276
860,BT_EXECUTE,3189.6,6000,238220,277
870,BT_EXECUTE,3203.68,6000,236640,272
880,BT_EXECUTE,3195.92,6000,236720,269
890,BT_EXECUTE,3213.23,6000,239410,269
900,BT_EXECUTE,3239.3,6000,237600,264
910,BT_EXECUTE,3183.1,6000,232050,255
920,BT_EXECUTE,3238.93,6000,231840,252
930,BT_EXECUTE,3213.99,6000,231570,249
940,BT_EXECUTE,3231.22,6000,235000,250
950,BT_EXECUTE,3252.58,6000,232750,245
960,BT_EXECUTE,3284.29,6000,235200,245
970,BT_EXECUTE,3276.13,6000,233770,241
980,BT_EXECUTE,3256.01,6000,230300,235
990,BT_EXECUTE,3303.46,6000,235620,238
1000,BT_EXECUTE,3301.93,6000,233000,233
1010,BT_EXECUTE,3310.43,6000,233310,231
1020,BT_EXECUTE,3261.86,6000,233580,229
1030,BT_EXECUTE,3293.06,6000,229690,223
1040,BT_EXECUTE,3312.56,6000,230880,222
1050,BT_EXECUTE,3278.64,6000,229950,219
1060,BT_EXECUTE,3307.65,6000,227900,215
1070,BT_EXECUTE,3344.56,6000,232190,217
1080,BT_EXECUTE,3278,6000,226800,210
1090,BT_EXECUTE,3297.67,6000,231080,212
1100,BT_EXECUTE,3355.19,6000,231000,210
1110,BT_EXECUTE,3369.39,6000,229770,207
1120,BT_EXECUTE,3361.98,6000,230720,206
1130,BT_EXECUTE,3362.99,6000,232780,206
1140,BT_EXECUTE,3394.95,6000,231420,203
1150,BT_EXECUTE,3393.65,6000,230000,200
1160,BT_EXECUTE,3409.7,6000,227360,196
1170,BT_EXECUTE,3435.48,6000,226980,194
1180,BT_EXECUTE,3419.15,6000,227740,193
1190,BT_EXECUTE,3420.38,6000,227290,191
1200,BT_EXECUTE,3407.42,6000,231600,193
1210,BT_EXECUTE,3422.41,6000,229900,190
1220,BT_EXECUTE,3432.51,6000,230580,189
1230,BT_EXECUTE,3442.79,6000,228780,186
1240,BT_EXECUTE,3429.26,6000,229400,185
1250,BT_EXECUTE,3429.89,6000,230000,184
1260,BT_EXECUTE,3450.54,6000,230580,183
1270,BT_EXECUTE,3459.17,6000,226060,178
1280,BT_EXECUTE,3439.88,6000,229120,179
1290,BT_EXECUTE,3461.13,6000,228330,177
1300,BT_EXECUTE,3364.86,6000,211900,163
1310,BT_EXECUTE,3428.93,6000,217460,166
1320,BT_EXECUTE,3435.1,6000,217800,165
1330,BT_EXECUTE,3460.17,6000,223440,168
1340,BT_EXECUTE,3472.68,6000,225120,168
1350,BT_EXECUTE,3436.25,6000,222750,165
1360,BT_EXECUTE,3512.82,6000,229840,169
1370,BT_EXECUTE,3478.34,6000,216460,158
1380,BT_EXECUTE,3503.16,6000,224940,163
1390,BT_EXECUTE,3519.74,6000,227960,164
1400,BT_EXECUTE,3515.11,6000,228200,163
1410,BT_EXECUTE,3501.43,6000,227010,161
1420,BT_EXECUTE,3516.45,6000,227200,160
1430,BT_EXECUTE,3533.64,6000,230230,161
1440,BT_EXECUTE,3511.15,6000,227520,158
1450,BT_EXECUTE,3528.91,6000,229100,158
1460,BT_EXECUTE,3546.42,6000,224840,154
1470,BT_EXECUTE,3545.87,6000,224910,153
1480,BT_EXECUTE,3544.88,6000,229400,155
1490,BT_EXECUTE,3555.81,6000,226480,152
1500,BT_EXECUTE,3578.47,6000,228000,152
1510,BT_EXECUTE,3566.67,6000,229520,152
1520,BT_EXECUTE,3543.83,6000,224960,148
1530,BT_EXECUTE,3572.72,6000,226440,148
1540,BT_EXECUTE,3606.99,6000,229460,149
1550,BT_EXECUTE,3594.64,6000,226300,146
1560,BT_EXECUTE,3595.55,6000,226200,145
1570,BT_EXECUTE,3619.89,6000,226080,144
1580,BT_EXECUTE,3609.9,6000,227520,144
1590,BT_EXECUTE,3603.17,6000,225780,142
1600,BT_EXECUTE,3581.82,6000,227200,142
1610,BT_EXECUTE,3628.03,6000,227010,141
1620,BT_EXECUTE,3599.73,6000,226800,140
1630,BT_EXECUTE,3616.72,6000,224940,138
1640,BT_EXECUTE,3639.71,6000,224680,137
1650,BT_EXECUTE,3654.58,6000,219450,133
1660,BT_EXECUTE,3667.41,6000,227420,137
1670,BT_EXECUTE,3647.8,6000,225450,135
1680,BT_EXECUTE,3644.92,6000,226800,135
1690,BT_EXECUTE,3638.99,6000,224770,133
1700,BT_EXECUTE,3626.89,6000,224400,132
1710,BT_EXECUTE,3664.03,6000,224010,131
1720,BT_EXECUTE,3670.49,6000,225320,131
1730,BT_EXECUTE,3695.06,6000,224900,130
1740,BT_EXECUTE,3633.67,6000,224460,129
1750,BT_EXECUTE,3715.38,6000,225750,129
1760,BT_EXECUTE,3696.66,6000,223520,127
1770,BT_EXECUTE,3706.1,6000,223020,126
1780,BT_EXECUTE,3751.81,6000,226060,127
1790,BT_EXECUTE,3708.83,6000,225540,126
1800,BT_EXECUTE,3711.17,6000,221400,123
1810,BT_EXECUTE,3733.85,6000,220820,122
1820,BT_EXECUTE,3748.49,6000,225680,124
1830,BT_EXECUTE,3741.26,6000,219600,120
1840,BT_EXECUTE,3766.57,6000,224480,122
1850,BT_EXECUTE,3783.02,6000,223850,121
1860,BT_EXECUTE,3782.9,6000,213900,115
1870,BT_EXECUTE,3767.84,6000,220660,118
1880,BT_EXECUTE,3801.8,6000,218080,116
1890,BT_EXECUTE,3793.37,6000,224910,119
1900,BT_EXECUTE,3823.89,6000,222300,117
1910,BT_EXECUTE,3798.34,6000,221560,116
1920,BT_EXECUTE,3809.3,6000,218880,114
1930,BT_EXECUTE,3795.82,6000,216160,112
1940,BT_EXECUTE,3784.91,6000,219220,113
1950,BT_EXECUTE,3822.75,6000,220350,113
1960,BT_EXECUTE,3813.79,6000,215600,110
1970,BT_EXECUTE,3810.29,6000,216700,110
1980,BT_EXECUTE,3836.24,6000,217800,110
1990,BT_EXECUTE,3810.98,6000,216910,109
2000,BT_EXECUTE,3853.52,6000,220000,110
2010,BT_EXECUTE,3832.19,6000,217080,108
2020,BT_EXECUTE,3836.85,6000,218160,108
2030,BT_EXECUTE,3844.72,6000,217210,107
2040,BT_EXECUTE,3858.44,6000,212160,104
2050,BT_EXECUTE,3910.51,6000,213200,104
2060,BT_EXECUTE,3921.77,6000,212180,103
2070,BT_EXECUTE,3869.66,6000,207000,100
2080,BT_EXECUTE,3949.6,6000,208000,100
2086,BT_EXECUTE,3899.51,6000,206514,99
2100,BT_EXECUTE,3894.07,6000,207900,99
2110,BT_EXECUTE,3926.33,6000,206780,98
2086,BT_EXECUTE,3879.88,6000,208600,100
2086,BT_EXECUTE,3957.34,6000,210686,101
2110,BT_EXECUTE,3943.2,6000,211000,100
2110,BT_EXECUTE,3950.66,6000,211000,100
2110,BT_EXECUTE,3928.32,6000,208890,99
2110,BT_EXECUTE,3934.4,6000,208890,99
2110,BT_EXECUTE,3927.39,6000,211000,100
2110,BT_EXECUTE,3946.16,6000,213110,101
2086,BT_EXECUTE,3923.14,6000,210686,101
2086,BT_EXECUTE,3934.98,6000,208600,100
2110,BT_EXECUTE,3970.91,6000,211000,100
2086,BT_EXECUTE,3971.12,6000,210686,101
2110,BT_EXECUTE,3908.52,6000,211000,100
2086,BT_EXECUTE,3932.86,6000,208600,100
2110,BT_EXECUTE,3893.03,6000,211000,100
2086,BT_EXECUTE,3550.5,6000,271180,130
2086,BT_EXECUTE,3971.35,6000,210686,101
2110,BT_EXECUTE,3959.23,6000,208890,99
2110,BT_EXECUTE,3905.79,6000,204670,97
2086,BT_EXECUTE,3921.02,6000,210686,101
2086,BT_EXECUTE,3905.69,6000,208600,100
2110,BT_EXECUTE,3932.73,6000,208890,99
2110,BT_EXECUTE,3921.23,6000,213110,101
2086,BT_EXECUTE,3966.68,6000,208600,100
2110,BT_EXECUTE,3934.55,6000,211000,100
2110,BT_EXECUTE,3952.51,6000,208890,99
2110,BT_EXECUTE,3877.87,6000,211000,100
2086,BT_EXECUTE,3932.38,6000,202342,97
2110,BT_EXECUTE,3914.09,6000,208890,99
2086,BT_EXECUTE,3917.82,6000,208600,100
2086,BT_EXECUTE,3964.89,6000,210686,101
2110,BT_EXECUTE,3963.64,6000,211000,100
2086,BT_EXECUTE,3912.42,6000,210686,101
2086,BT_EXECUTE,3901.19,6000,208600,100
2086,BT_EXECUTE,3881.33,6000,208600,100
2110,BT_EXECUTE,3883.73,6000,208890,99
2110,BT_EXECUTE,3950.18,6000,206780,98
2086,BT_EXECUTE,3904.95,6000,210686,101
2110,BT_EXECUTE,3909.03,6000,208890,99
2086,BT_EXECUTE,3910.12,6000,208600,100
2110,BT_EXECUTE,3971.47,6000,211000,100
2110,BT_EXECUTE,3925.82,6000,206780,98
2110,BT_EXECUTE,3924.6,6000,211000,100
2110,BT_EXECUTE,3964.06,6000,211000,100
2110,BT_EXECUTE,3974.19,6000,208890,99
2086,BT_EXECUTE,3906.66,6000,208600,100
2110,BT_EXECUTE,3876.43,6000,208890,99
2086,BT_EXECUTE,3926.65,6000,204428,98
2086,BT_EXECUTE,3961.03,6000,208600,100
2110,BT_EXECUTE,3935.07,6000,211000,100
2086,BT_EXECUTE,3877.65,6000,204428,98
2110,BT_EXECUTE,3861.3,6000,206780,98
2086,BT_EXECUTE,3849.5,6000,204428,98
2086,BT_EXECUTE,3946.43,6000,208600,100
2086,BT_EXECUTE,3918.94,6000,210686,101
2086,BT_EXECUTE,3915.93,6000,208600,100
2086,BT_EXECUTE,3925.02,6000,210686,101
2110,BT_EXECUTE,3887.95,6000,208890,99
2086,BT_EXECUTE,3923.42,6000,208600,100
2086,BT_EXECUTE,3933.15,6000,208600,100
2110,BT_EXECUTE,3952.77,6000,211000,100
2086,BT_EXECUTE,3891.46,6000,210686,101
2110,BT_EXECUTE,3946.45,6000,211000,100
2086,BT_EXECUTE,3908.75,6000,206514,99
2086,BT_EXECUTE,3959.69,6000,206514,99
2110,BT_EXECUTE,3906.13,6000,211000,100
2086,BT_EXECUTE,3874.9,6000,206514,99
2110,BT_EXECUTE,3900.1,6000,208890,99
2110,BT_EXECUTE,3906.85,6000,208890,99
2086,BT_EXECUTE,3875.51,6000,210686,101
2086,BT_EXECUTE,3967.08,6000,206514,99
2086,BT_EXECUTE,3894.63,6000,210686,101
2110,BT_EXECUTE,3904.24,6000,208890,99
2086,BT_EXECUTE,3972.9,6000,210686,101
2086,BT_EXECUTE,3906.33,6000,210686,101
2086,BT_EXECUTE,3891.55,6000,208600,100
2086,BT_EXECUTE,3959.63,6000,210686,101
2086,BT_EXECUTE,3927.57,6000,210686,101
2086,BT_EXECUTE,3945.52,6000,210686,101
2086,BT_EXECUTE,3890.46,6000,210686,101
2086,BT_EXECUTE,3928.4,6000,208600,100
2110,BT_EXECUTE,3962.09,6000,213110,101
2086,BT_EXECUTE,3924.65,6000,208600,100
2086,BT_EXECUTE,3899.08,6000,206514,99
2110,BT_EXECUTE,3906.61,6000,208890,99
2086,BT_EXECUTE,3940.36,6000,210686,101
2110,BT_EXECUTE,3907.04,6000,208890,99
2086,BT_EXECUTE,3870.59,6000,206514,99
2110,BT_EXECUTE,3923.34,6000,213110,101
2110,BT_EXECUTE,3922.43,6000,211000,100
2086,BT_EXECUTE,3888.8,6000,208600,100
2110,BT_EXECUTE,3880.17,6000,202560,96
2086,BT_EXECUTE,3939.54,6000,208600,100
2086,BT_EXECUTE,3924.63,6000,210686,101
2086,BT_EXECUTE,3912.88,6000,210686,101
2086,BT_EXECUTE,3954.81,6000,208600,100
2086,BT_EXECUTE,3910.18,6000,208600,100
2086,BT_EXECUTE,3934.63,6000,208600,100
2086,BT_EXECUTE,3889.63,6000,206514,99
2110,BT_EXECUTE,3889.5,6000,208890,99
2110,BT_EXECUTE,3963.87,6000,211000,100
2110,BT_EXECUTE,3929.47,6000,206780,98
2110,BT_EXECUTE,3926,6000,208890,99
2086,BT_EXECUTE,3926.73,6000,206514,99
2110,BT_EXECUTE,3876.57,6000,208890,99
2110,BT_EXECUTE,3898.32,6000,208890,99
2110,BT_EXECUTE,3900.9,6000,208890,99
2086,BT_EXECUTE,3876.26,6000,210686,101
2110,BT_EXECUTE,3932.09,6000,208890,99
2086,BT_EXECUTE,3887.14,6000,210686,101
2110,BT_EXECUTE,3919.62,6000,208890,99
2086,BT_EXECUTE,3941.23,6000,204428,98
2110,BT_EXECUTE,3921.97,6000,208890,99
2086,BT_EXECUTE,3900.27,6000,210686,101
2086,BT_EXECUTE,3905.74,6000,208600,100
2086,BT_EXECUTE,3882.17,6000,208600,100
2086,BT_EXECUTE,3934.27,6000,208600,100
2086,BT_EXECUTE,3922.19,6000,210686,101
2086,BT_EXECUTE,3926.83,6000,208600,100
2086,BT_EXECUTE,3919.76,6000,206514,99
2086,BT_EXECUTE,3919.09,6000,208600,100
2086,BT_EXECUTE,3907.94,6000,206514,99
2086,BT_EXECUTE,3896.88,6000,208600,100
2086,BT_EXECUTE,3885.38,6000,206514,99
2086,BT_EXECUTE,3882.31,6000,208600,100
2086,BT_EXECUTE,3949.65,6000,206514,99
2086,BT_EXECUTE,3934.11,6000,208600,100
2110,BT_EXECUTE,3858,6000,211000,100
2086,BT_EXECUTE,3900.93,6000,208600,100
2110,BT_EXECUTE,3879.9,6000,208890,99
2110,BT_EXECUTE,3949.86,6000,208890,99
2086,BT_EXECUTE,3926.85,6000,206514,99
2086,BT_EXECUTE,3945.77,6000,208600,100
2086,BT_EXECUTE,3897.68,6000,206514,99
2086,BT_EXECUTE,3927.86,6000,204428,98
2086,BT_EXECUTE,3910.5,6000,206514,99
2086,BT_EXECUTE,3948.8,6000,206514,99
2086,BT_EXECUTE,3918.22,6000,208600,100
2086,BT_EXECUTE,3920.15,6000,208600,100
2086,BT_EXECUTE,3913.28,6000,208600,100
2086,BT_EXECUTE,3904.35,6000,208600,100
2086,BT_EXECUTE,3966.67,6000,208600,100
2086,BT_EXECUTE,3895.73,6000,210686,101
2086,BT_EXECUTE,3891.22,6000,208600,100
2086,BT_EXECUTE,3905.96,6000,208600,100
2086,BT_EXECUTE,3887.22,6000,206514,99
2110,BT_EXECUTE,3914.99,6000,211000,100
2110,BT_EXECUTE,3946.24,6000,208890,99
2110,BT_EXECUTE,3888.15,6000,208890,99
2110,BT_EXECUTE,3940.69,6000,208890,99
2110,BT_EXECUTE,3943.09,6000,204670,97
2110,BT_EXECUTE,3953.58,6000,208890,99
2086,BT_EXECUTE,3946.65,6000,206514,99
2086,BT_EXECUTE,3952.72,6000,206514,99
2086,BT_EXECUTE,3894.44,6000,208600,100
2110,BT_EXECUTE,3909.96,6000,211000,100
2086,BT_EXECUTE,3908.3,6000,210686,101
2086,BT_EXECUTE,3982.16,6000,210686,101
2086,BT_EXECUTE,3919.79,6000,208600,100
2110,BT_EXECUTE,3953.88,6000,208890,99
2086,BT_EXECUTE,3962.98,6000,210686,101
2110,BT_EXECUTE,3862.74,6000,208890,99
2086,BT_EXECUTE,3915.17,6000,208600,100
2086,BT_EXECUTE,3902.11,6000,206514,99
2086,BT_EXECUTE,3909.32,6000,208600,100
2086,BT_EXECUTE,3924.3,6000,208600,100
2086,BT_EXECUTE,3866.12,6000,208600,100
2086,BT_EXECUTE,3918.1,6000,208600,100
2110,BT_EXECUTE,3947.32,6000,208890,99
2086,BT_EXECUTE,3881.66,6000,208600,100
2110,BT_EXECUTE,3879.8,6000,206780,98
2086,BT_EXECUTE,3896.01,6000,206514,99
2086,BT_EXECUTE,3862.69,6000,202342,97
2086,BT_EXECUTE,3906.74,6000,210686,101
2086,BT_EXECUTE,3901.11,6000,208600,100
2110,BT_EXECUTE,3959.12,6000,211000,100
2086,BT_EXECUTE,3908.43,6000,206514,99
2110,BT_EXECUTE,3953.02,6000,204670,97
2110,BT_EXECUTE,3949.95,6000,208890,99
2110,BT_EXECUTE,3944.62,6000,206780,98
2086,BT_EXECUTE,3964.49,6000,210686,101
2086,BT_EXECUTE,3915.86,6000,210686,101
2086,BT_EXECUTE,3886.14,6000,210686,101
2086,BT_EXECUTE,3893.65,6000,208600,100
2110,BT_EXECUTE,3919.55,6000,211000,100
2086,BT_EXECUTE,3959.2,6000,208600,100
2110,BT_EXECUTE,3861.57,6000,206780,98
2086,BT_EXECUTE,3893.18,6000,208600,100
2086,BT_EXECUTE,3825.13,6000,200256,96

Nr of AI,Name,TimeSpent[ms],TotalRunTime[ms],Iterations,frames
10,EVENT_CHECK,19.892,6000,22560,775
20,EVENT_CHECK,35.551,6000,45000,773
30,EVENT_CHECK,55.6791,6000,67440,772
40,EVENT_CHECK,66.9004,6000,89800,771
50,EVENT_CHECK,82.4315,6000,112000,769
60,EVENT_CHECK,100.269,6000,134100,767
70,EVENT_CHECK,113.453,6000,156170,766
80,EVENT_CHECK,128.505,6000,178320,765
90,EVENT_CHECK,144.033,6000,199710,762
100,EVENT_CHECK,159.872,6000,221900,762
110,EVENT_CHECK,173.571,6000,243430,760
120,EVENT_CHECK,189.537,6000,264960,758
130,EVENT_CHECK,203.656,6000,286260,756
140,EVENT_CHECK,221.808,6000,307860,755
150,EVENT_CHECK,233.9,6000,330150,756
160,EVENT_CHECK,248.419,6000,349760,751
170,EVENT_CHECK,266.435,6000,367200,742
180,EVENT_CHECK,278.986,6000,386100,738
190,EVENT_CHECK,285.901,6000,399950,724
200,EVENT_CHECK,292.45,6000,410200,706
210,EVENT_CHECK,307.301,6000,431340,707
220,EVENT_CHECK,319.266,6000,444620,696
230,EVENT_CHECK,330.984,6000,458620,687
240,EVENT_CHECK,338.064,6000,469920,675
250,EVENT_CHECK,352.863,6000,486500,671
260,EVENT_CHECK,358.947,6000,497380,660
270,EVENT_CHECK,369.301,6000,513270,656
280,EVENT_CHECK,375.565,6000,527240,650
290,EVENT_CHECK,388.989,6000,532150,634
300,EVENT_CHECK,395.205,6000,548400,631
310,EVENT_CHECK,404.113,6000,556450,620
320,EVENT_CHECK,418.307,6000,563840,609
330,EVENT_CHECK,418.886,6000,562650,590
340,EVENT_CHECK,433.727,6000,578680,589
350,EVENT_CHECK,440.025,6000,586250,580
360,EVENT_CHECK,437.898,6000,594360,572
370,EVENT_CHECK,434.749,6000,592000,555
380,EVENT_CHECK,441.269,6000,588620,538
390,EVENT_CHECK,447.41,6000,604110,538
400,EVENT_CHECK,463.309,6000,588400,512
410,EVENT_CHECK,463.401,6000,568670,483
420,EVENT_CHECK,467.474,6000,592620,492
430,EVENT_CHECK,474.191,6000,605440,490
440,EVENT_CHECK,473.143,6000,596200,473
450,EVENT_CHECK,473.716,6000,605700,470
460,EVENT_CHECK,476.597,6000,621920,472
470,EVENT_CHECK,477.398,6000,617110,459
480,EVENT_CHECK,489.063,6000,618720,451
490,EVENT_CHECK,489.422,6000,633080,452
500,EVENT_CHECK,488.772,6000,637000,446
510,EVENT_CHECK,487.325,6000,639030,439
520,EVENT_CHECK,496.294,6000,650000,438
530,EVENT_CHECK,491.506,6000,648190,429
540,EVENT_CHECK,491.93,6000,637740,415
550,EVENT_CHECK,498.068,6000,649000,414
560,EVENT_CHECK,499.014,6000,650720,408
570,EVENT_CHECK,496.384,6000,643530,397
580,EVENT_CHECK,502.967,6000,654820,397
590,EVENT_CHECK,512.16,6000,651950,389
600,EVENT_CHECK,503.182,6000,652200,383
610,EVENT_CHECK,509.198,6000,652090,377
620,EVENT_CHECK,508.479,6000,653480,372
630,EVENT_CHECK,509.551,6000,658350,369
640,EVENT_CHECK,513.849,6000,655360,362
650,EVENT_CHECK,520.873,6000,653900,356
660,EVENT_CHECK,510.143,6000,656040,352
670,EVENT_CHECK,525.239,6000,655930,347
680,EVENT_CHECK,520.878,6000,661640,345
690,EVENT_CHECK,528.739,6000,659640,339
700,EVENT_CHECK,520.115,6000,657300,333
710,EVENT_CHECK,516.804,6000,665980,333
720,EVENT_CHECK,521.822,6000,663120,327
730,EVENT_CHECK,527.216,6000,662110,323
740,EVENT_CHECK,517.953,6000,657120,316
750,EVENT_CHECK,529.336,6000,664500,315
760,EVENT_CHECK,531.52,6000,661960,310
770,EVENT_CHECK,529.223,6000,661430,306
780,EVENT_CHECK,524.327,6000,665340,304
790,EVENT_CHECK,541.434,6000,663600,299
800,EVENT_CHECK,535.629,6000,667200,298
810,EVENT_CHECK,520.681,6000,651240,287
820,EVENT_CHECK,536.289,6000,665840,290
830,EVENT_CHECK,537.229,6000,667320,287
840,EVENT_CHECK,523.395,6000,660240,281
850,EVENT_CHECK,524.232,6000,656200,276
860,EVENT_CHECK,542.578,6000,667360,277
870,EVENT_CHECK,533.843,6000,662070,272
880,EVENT_CHECK,523.754,6000,661760,269
890,EVENT_CHECK,542.679,6000,668390,269
900,EVENT_CHECK,535.147,6000,663300,264
910,EVENT_CHECK,534.403,6000,647920,255
920,EVENT_CHECK,521.309,6000,648600,252
930,EVENT_CHECK,517.842,6000,645420,249
940,EVENT_CHECK,534.391,6000,654240,250
950,EVENT_CHECK,535.073,6000,648850,245
960,EVENT_CHECK,530.162,6000,655680,245
970,EVENT_CHECK,533.595,6000,649900,241
980,EVENT_CHECK,529.623,6000,640920,235
990,EVENT_CHECK,532.713,6000,655380,238
1000,EVENT_CHECK,532.512,6000,649000,233
1010,EVENT_CHECK,527.674,6000,649430,231
1020,EVENT_CHECK,532.687,6000,648720,229
1030,EVENT_CHECK,529.576,6000,639630,223
1040,EVENT_CHECK,519.316,6000,641680,222
1050,EVENT_CHECK,519.95,6000,637350,219
1060,EVENT_CHECK,532.745,6000,632820,215
1070,EVENT_CHECK,535.008,6000,645210,217
1080,EVENT_CHECK,531.492,6000,629640,210
1090,EVENT_CHECK,537.933,6000,639830,212
1100,EVENT_CHECK,531.795,6000,640200,210
1110,EVENT_CHECK,536.06,6000,638250,207
1120,EVENT_CHECK,537.786,6000,638400,206
1130,EVENT_CHECK,539.457,6000,645230,206
1140,EVENT_CHECK,531.579,6000,641820,203
1150,EVENT_CHECK,536.997,6000,635950,200
1160,EVENT_CHECK,533.129,6000,632200,196
1170,EVENT_CHECK,535.566,6000,629460,194
1180,EVENT_CHECK,538.342,6000,631300,193
1190,EVENT_CHECK,535.351,6000,629510,191
1200,EVENT_CHECK,537.751,6000,640800,193
1210,EVENT_CHECK,532.889,6000,636460,190
1220,EVENT_CHECK,532.292,6000,636840,189
1230,EVENT_CHECK,535.265,6000,633450,186
1240,EVENT_CHECK,543.102,6000,633640,185
1250,EVENT_CHECK,541.742,6000,635000,184
1260,EVENT_CHECK,537.819,6000,637560,183
1270,EVENT_CHECK,536.055,6000,624840,178
1280,EVENT_CHECK,545.333,6000,633600,179
1290,EVENT_CHECK,529.196,6000,632100,177
1300,EVENT_CHECK,523.159,6000,591500,163
1310,EVENT_CHECK,536.345,6000,603910,166
1320,EVENT_CHECK,550.912,6000,604560,165
1330,EVENT_CHECK,538.82,6000,617120,168
1340,EVENT_CHECK,541.867,6000,621760,168
1350,EVENT_CHECK,526.665,6000,615600,165
1360,EVENT_CHECK,543.177,6000,633760,169
1370,EVENT_CHECK,542.703,6000,598690,158
1380,EVENT_CHECK,542.089,6000,621000,163
1390,EVENT_CHECK,548.979,6000,631060,164
1400,EVENT_CHECK,548.082,6000,628600,163
1410,EVENT_CHECK,540.997,6000,626040,161
1420,EVENT_CHECK,548.589,6000,626220,160
1430,EVENT_CHECK,549.215,6000,633490,161
1440,EVENT_CHECK,546.055,6000,626400,158
1450,EVENT_CHECK,541.868,6000,632200,158
1460,EVENT_CHECK,545.967,6000,620500,154
1470,EVENT_CHECK,543.564,6000,620340,153
1480,EVENT_CHECK,549.802,6000,630480,155
1490,EVENT_CHECK,544.683,6000,624310,152
1500,EVENT_CHECK,545.953,6000,628500,152
1510,EVENT_CHECK,543.307,6000,631180,152
1520,EVENT_CHECK,537.17,6000,618640,148
1530,EVENT_CHECK,542.145,6000,624240,148
1540,EVENT_CHECK,546.39,6000,631400,149
1550,EVENT_CHECK,539.391,6000,624650,146
1560,EVENT_CHECK,542.028,6000,622440,145
1570,EVENT_CHECK,540.748,6000,623290,144
1580,EVENT_CHECK,550.984,6000,625680,144
1590,EVENT_CHECK,542.06,6000,621690,142
1600,EVENT_CHECK,546.644,6000,624000,142
1610,EVENT_CHECK,547.682,6000,624680,141
1620,EVENT_CHECK,542.649,6000,623700,140
1630,EVENT_CHECK,538.667,6000,617770,138
1640,EVENT_CHECK,546.734,6000,618280,137
1650,EVENT_CHECK,544.153,6000,608850,133
1660,EVENT_CHECK,536.352,6000,625820,137
1670,EVENT_CHECK,539.102,6000,619570,135
1680,EVENT_CHECK,544.598,6000,621600,135
1690,EVENT_CHECK,539.251,6000,616850,133
1700,EVENT_CHECK,542.227,6000,615400,132
1710,EVENT_CHECK,535.845,6000,615600,131
1720,EVENT_CHECK,542.281,6000,619200,131
1730,EVENT_CHECK,542.985,6000,617610,130
1740,EVENT_CHECK,546.605,6000,614220,129
1750,EVENT_CHECK,545.555,6000,619500,129
1760,EVENT_CHECK,548.843,6000,614240,127
1770,EVENT_CHECK,541.12,6000,610650,126
1780,EVENT_CHECK,546.45,6000,619440,127
1790,EVENT_CHECK,545.057,6000,617550,126
1800,EVENT_CHECK,543.118,6000,608400,123
1810,EVENT_CHECK,533.613,6000,608160,122
1820,EVENT_CHECK,540.945,6000,618800,124
1830,EVENT_CHECK,526.725,6000,603900,120
1840,EVENT_CHECK,533.752,6000,614560,122
1850,EVENT_CHECK,531.545,6000,614200,121
1860,EVENT_CHECK,534.151,6000,593340,115
1870,EVENT_CHECK,527.926,6000,605880,118
1880,EVENT_CHECK,540.866,6000,597840,116
1890,EVENT_CHECK,536.377,6000,614250,119
1900,EVENT_CHECK,535.246,6000,608000,117
1910,EVENT_CHECK,527.979,6000,607380,116
1920,EVENT_CHECK,532.433,6000,600960,114
1930,EVENT_CHECK,535.757,6000,592510,112
1940,EVENT_CHECK,530.89,6000,599460,113
1950,EVENT_CHECK,527.318,6000,602550,113
1960,EVENT_CHECK,517.291,6000,589960,110
1970,EVENT_CHECK,525.426,6000,592993,110
1980,EVENT_CHECK,521.602,6000,595980,110
1990,EVENT_CHECK,522.026,6000,593052,109
2000,EVENT_CHECK,531.403,6000,600000,110
2010,EVENT_CHECK,525.259,6000,590940,108
2020,EVENT_CHECK,529.459,6000,593880,108
2030,EVENT_CHECK,518.108,6000,592760,107
2040,EVENT_CHECK,520.007,6000,577501,104
2050,EVENT_CHECK,524.773,6000,582269,104
2060,EVENT_CHECK,522.453,6000,580985,103
2070,EVENT_CHECK,508.867,6000,565440,100
2080,EVENT_CHECK,513.668,6000,568193,100
2086,EVENT_CHECK,502.082,6000,561561,99
2100,EVENT_CHECK,505.627,6000,567223,99
2110,EVENT_CHECK,506.733,6000,565765,98
2086,EVENT_CHECK,508.434,6000,567818,100
2086,EVENT_CHECK,504.145,6000,576150,101
2110,EVENT_CHECK,508.412,6000,576336,100
2110,EVENT_CHECK,508.021,6000,574229,100
2110,EVENT_CHECK,501.916,6000,572064,99
2110,EVENT_CHECK,497.845,6000,569998,99
2110,EVENT_CHECK,510.153,6000,576336,100
2110,EVENT_CHECK,518.525,6000,580566,101
2086,EVENT_CHECK,512.003,6000,574095,101
2086,EVENT_CHECK,503.57,6000,569885,100
2110,EVENT_CHECK,510.131,6000,576336,100
2086,EVENT_CHECK,512.012,6000,576140,101
2110,EVENT_CHECK,506.831,6000,576329,100
2086,EVENT_CHECK,502.135,6000,569881,100
2110,EVENT_CHECK,506.18,6000,574241,100
2086,EVENT_CHECK,628.866,6000,757274,130
2086,EVENT_CHECK,509.397,6000,576143,101
2110,EVENT_CHECK,512.09,6000,570002,99
2110,EVENT_CHECK,504.769,6000,559433,97
2086,EVENT_CHECK,507.892,6000,574081,101
2086,EVENT_CHECK,498.703,6000,569883,100
2110,EVENT_CHECK,507.08,6000,569990,99
2110,EVENT_CHECK,513.818,6000,580568,101
2086,EVENT_CHECK,505.783,6000,569882,100
2110,EVENT_CHECK,504.28,6000,576322,100
2110,EVENT_CHECK,508.72,6000,569968,99
2110,EVENT_CHECK,511.679,6000,574251,100
2086,EVENT_CHECK,503.201,6000,555227,97
2110,EVENT_CHECK,504.806,6000,567906,99
2086,EVENT_CHECK,501.086,6000,569884,100
2086,EVENT_CHECK,513.51,6000,574072,101
2110,EVENT_CHECK,509.388,6000,576327,100
2086,EVENT_CHECK,511.968,6000,574090,101
2086,EVENT_CHECK,499.212,6000,569883,100
2086,EVENT_CHECK,498.66,6000,567834,100
2110,EVENT_CHECK,509.115,6000,567911,99
2110,EVENT_CHECK,512.676,6000,565755,98
2086,EVENT_CHECK,510.438,6000,574095,101
2110,EVENT_CHECK,502.999,6000,569995,99
2086,EVENT_CHECK,499.736,6000,569877,100
2110,EVENT_CHECK,507.114,6000,576330,100
2110,EVENT_CHECK,500.065,6000,565736,98
2110,EVENT_CHECK,510.28,6000,576341,100
2110,EVENT_CHECK,509.469,6000,576301,100
2110,EVENT_CHECK,509.492,6000,572091,99
2086,EVENT_CHECK,510.04,6000,569880,100
2110,EVENT_CHECK,513.618,6000,570002,99
2086,EVENT_CHECK,496.508,6000,561491,98
2086,EVENT_CHECK,506.468,6000,569881,100
2110,EVENT_CHECK,511.431,6000,576327,100
2086,EVENT_CHECK,489.501,6000,561490,98
2110,EVENT_CHECK,497.456,6000,563667,98
2086,EVENT_CHECK,485.438,6000,559428,98
2086,EVENT_CHECK,508.358,6000,569881,100
2086,EVENT_CHECK,509.527,6000,574077,101
2086,EVENT_CHECK,504.267,6000,569876,100
2086,EVENT_CHECK,514.464,6000,574081,101
2110,EVENT_CHECK,508.74,6000,569996,99
2086,EVENT_CHECK,507.221,6000,569894,100
2086,EVENT_CHECK,503.394,6000,569868,100
2110,EVENT_CHECK,513.169,6000,574239,100
2086,EVENT_CHECK,507.497,6000,574078,101
2110,EVENT_CHECK,513.36,6000,576332,100
2086,EVENT_CHECK,503.906,6000,565684,99
2086,EVENT_CHECK,512.032,6000,565677,99
2110,EVENT_CHECK,514.36,6000,574235,100
2086,EVENT_CHECK,501.426,6000,563609,99
2110,EVENT_CHECK,501.625,6000,570000,99
2110,EVENT_CHECK,502.858,6000,569993,99
2086,EVENT_CHECK,506.126,6000,574089,101
2086,EVENT_CHECK,504.558,6000,565697,99
2086,EVENT_CHECK,511.903,6000,574089,101
2110,EVENT_CHECK,511.066,6000,570001,99
2086,EVENT_CHECK,504.509,6000,576143,101
2086,EVENT_CHECK,508.87,6000,574078,101
2086,EVENT_CHECK,504.612,6000,569864,100
2086,EVENT_CHECK,511.605,6000,574088,101
2086,EVENT_CHECK,508.098,6000,574085,101
2086,EVENT_CHECK,504.964,6000,576147,101
2086,EVENT_CHECK,507.888,6000,574085,101
2086,EVENT_CHECK,509.062,6000,569864,100
2110,EVENT_CHECK,512.375,6000,580567,101
2086,EVENT_CHECK,506.573,6000,569883,100
2086,EVENT_CHECK,504.226,6000,563598,99
2110,EVENT_CHECK,512.144,6000,569984,99
2086,EVENT_CHECK,511.288,6000,574084,101
2110,EVENT_CHECK,505.287,6000,569997,99
2086,EVENT_CHECK,498.271,6000,565685,99
2110,EVENT_CHECK,511.423,6000,580563,101
2110,EVENT_CHECK,504.972,6000,576335,100
2086,EVENT_CHECK,500.175,6000,569887,100
2110,EVENT_CHECK,479.715,6000,555190,96
2086,EVENT_CHECK,504.423,6000,569881,100
2086,EVENT_CHECK,504.693,6000,576149,101
2086,EVENT_CHECK,501.89,6000,576152,101
2086,EVENT_CHECK,505.674,6000,569894,100
2086,EVENT_CHECK,505.487,6000,569894,100
2086,EVENT_CHECK,507.687,6000,567814,100
2086,EVENT_CHECK,500.758,6000,563625,99
2110,EVENT_CHECK,506.312,6000,569999,99
2110,EVENT_CHECK,507.954,6000,576332,100
2110,EVENT_CHECK,502.567,6000,565759,98
2110,EVENT_CHECK,511.386,6000,570001,99
2086,EVENT_CHECK,500.472,6000,563626,99
2110,EVENT_CHECK,506.64,6000,567893,99
2110,EVENT_CHECK,496.053,6000,569989,99
2110,EVENT_CHECK,502.684,6000,570004,99
2086,EVENT_CHECK,507.547,6000,574082,101
2110,EVENT_CHECK,517.722,6000,567905,99
2086,EVENT_CHECK,506.278,6000,574087,101
2110,EVENT_CHECK,511.571,6000,570001,99
2086,EVENT_CHECK,504.937,6000,561477,98
2110,EVENT_CHECK,507.577,6000,569983,99
2086,EVENT_CHECK,504.267,6000,574087,101
2086,EVENT_CHECK,501.942,6000,569888,100
2086,EVENT_CHECK,507.597,6000,569889,100
2086,EVENT_CHECK,506.701,6000,569889,100
2086,EVENT_CHECK,510.34,6000,576141,101
2086,EVENT_CHECK,500.502,6000,569885,100
2086,EVENT_CHECK,501.098,6000,565695,99
2086,EVENT_CHECK,502.642,6000,569888,100
2086,EVENT_CHECK,499.404,6000,563623,99
2086,EVENT_CHECK,505.602,6000,569885,100
2086,EVENT_CHECK,506.921,6000,565694,99
2086,EVENT_CHECK,505.321,6000,569886,100
2086,EVENT_CHECK,502.307,6000,565680,99
2086,EVENT_CHECK,503.916,6000,569888,100
2110,EVENT_CHECK,509.056,6000,574239,100
2086,EVENT_CHECK,502.049,6000,569890,100
2110,EVENT_CHECK,512.611,6000,570001,99
2110,EVENT_CHECK,509.023,6000,572061,99
2086,EVENT_CHECK,504.318,6000,565683,99
2086,EVENT_CHECK,508.233,6000,569884,100
2086,EVENT_CHECK,497.191,6000,565689,99
2086,EVENT_CHECK,503.268,6000,559423,98
2086,EVENT_CHECK,498.642,6000,565688,99
2086,EVENT_CHECK,498.315,6000,563626,99
2086,EVENT_CHECK,504.59,6000,569884,100
2086,EVENT_CHECK,510.689,6000,567813,100
2086,EVENT_CHECK,504.437,6000,569906,100
2086,EVENT_CHECK,504.137,6000,569891,100
2086,EVENT_CHECK,502.782,6000,571951,100
2086,EVENT_CHECK,508.473,6000,574090,101
2086,EVENT_CHECK,503.384,6000,569889,100
2086,EVENT_CHECK,501.508,6000,569877,100
2086,EVENT_CHECK,501.793,6000,565688,99
2110,EVENT_CHECK,512.464,6000,574236,100
2110,EVENT_CHECK,507.813,6000,569989,99
2110,EVENT_CHECK,507.875,6000,569994,99
2110,EVENT_CHECK,506.411,6000,569977,99
2110,EVENT_CHECK,503.248,6000,561522,97
2110,EVENT_CHECK,508.338,6000,569981,99
2086,EVENT_CHECK,501.46,6000,565686,99
2086,EVENT_CHECK,506.028,6000,567747,99
2086,EVENT_CHECK,509.508,6000,569868,100
2110,EVENT_CHECK,512.228,6000,574236,100
2086,EVENT_CHECK,508.23,6000,574081,101
2086,EVENT_CHECK,505.55,6000,576150,101
2086,EVENT_CHECK,501.029,6000,569883,100
2110,EVENT_CHECK,513.523,6000,569995,99
2086,EVENT_CHECK,506.945,6000,576157,101
2110,EVENT_CHECK,501.994,6000,569988,99
2086,EVENT_CHECK,507.959,6000,569868,100
2086,EVENT_CHECK,501.121,6000,565695,99
2086,EVENT_CHECK,503.26,6000,569898,100
2086,EVENT_CHECK,512.236,6000,569888,100
2086,EVENT_CHECK,505.585,6000,569891,100
2086,EVENT_CHECK,508.047,6000,569894,100
2110,EVENT_CHECK,510.71,6000,569999,99
2086,EVENT_CHECK,503.238,6000,569890,100
2110,EVENT_CHECK,502.681,6000,563672,98
2086,EVENT_CHECK,503.345,6000,563617,99
2086,EVENT_CHECK,491.681,6000,555222,97
2086,EVENT_CHECK,505.606,6000,574084,101
2086,EVENT_CHECK,507.497,6000,569892,100
2110,EVENT_CHECK,509.05,6000,576331,100
2086,EVENT_CHECK,503.958,6000,563596,99
2110,EVENT_CHECK,502.463,6000,561515,97
2110,EVENT_CHECK,510.675,6000,569990,99
2110,EVENT_CHECK,507.143,6000,565760,98
2086,EVENT_CHECK,510.314,6000,576147,101
2086,EVENT_CHECK,516.936,6000,574054,101
2086,EVENT_CHECK,506.225,6000,574098,101
2086,EVENT_CHECK,502.308,6000,569886,100
2110,EVENT_CHECK,507.282,6000,576332,100
2086,EVENT_CHECK,503.921,6000,569888,100
2110,EVENT_CHECK,501.584,6000,563669,98
2086,EVENT_CHECK,502.976,6000,569883,100
2086,EVENT_CHECK,493.523,6000,548977,96

Nr of AI,Name,TimeSpent[ms],TotalRunTime[ms],Iterations,frames
0,FSM_UPDATE,33.3553,6000,774,773
10,FSM_UPDATE,108.44,6000,776,775
20,FSM_UPDATE,182.704,6000,774,773
30,FSM_UPDATE,261.997,6000,773,772
40,FSM_UPDATE,338.18,6000,772,771
50,FSM_UPDATE,417.138,6000,770,769
60,FSM_UPDATE,498.486,6000,768,767
70,FSM_UPDATE,579.207,6000,767,766
80,FSM_UPDATE,646.554,6000,766,765
90,FSM_UPDATE,735.091,6000,763,762
100,FSM_UPDATE,823.941,6000,763,762
110,FSM_UPDATE,895.215,6000,761,760
120,FSM_UPDATE,975.242,6000,759,758
130,FSM_UPDATE,1055.75,6000,757,756
140,FSM_UPDATE,1135.93,6000,756,755
150,FSM_UPDATE,1262.32,6000,757,756
160,FSM_UPDATE,1303.71,6000,752,751
170,FSM_UPDATE,1388.45,6000,743,742
180,FSM_UPDATE,1429.5,6000,739,738
190,FSM_UPDATE,1494.56,6000,725,724
200,FSM_UPDATE,1559.35,6000,707,706
210,FSM_UPDATE,1597.62,6000,708,707
220,FSM_UPDATE,1648.27,6000,697,696
230,FSM_UPDATE,1694.13,6000,688,687
240,FSM_UPDATE,1794.57,6000,676,675
250,FSM_UPDATE,1801.3,6000,672,671
260,FSM_UPDATE,1834.96,6000,661,660
270,FSM_UPDATE,1909.77,6000,657,656
280,FSM_UPDATE,1965.14,6000,651,650
290,FSM_UPDATE,2077.47,6000,635,634
300,FSM_UPDATE,2079.23,6000,632,631
310,FSM_UPDATE,2110.6,6000,621,620
320,FSM_UPDATE,2151.7,6000,610,609
330,FSM_UPDATE,2274.02,6000,591,590
340,FSM_UPDATE,2226.69,6000,590,589
350,FSM_UPDATE,2264,6000,581,580
360,FSM_UPDATE,2293.47,6000,573,572
370,FSM_UPDATE,2379.36,6000,556,555
380,FSM_UPDATE,2410.19,6000,539,538
390,FSM_UPDATE,2397.2,6000,539,538
400,FSM_UPDATE,2382.57,6000,513,512
410,FSM_UPDATE,2398,6000,484,483
420,FSM_UPDATE,2466.03,6000,493,492
430,FSM_UPDATE,2501.32,6000,491,490
440,FSM_UPDATE,2512.17,6000,474,473
450,FSM_UPDATE,2520.95,6000,471,470
460,FSM_UPDATE,2573.04,6000,473,472
470,FSM_UPDATE,2606.1,6000,460,459
480,FSM_UPDATE,2645,6000,452,451
490,FSM_UPDATE,2658.25,6000,453,452
500,FSM_UPDATE,2693.68,6000,447,446
510,FSM_UPDATE,2716.3,6000,440,439
520,FSM_UPDATE,2723.31,6000,439,438
530,FSM_UPDATE,2750.49,6000,430,429
540,FSM_UPDATE,2770.24,6000,416,415
550,FSM_UPDATE,2782.15,6000,415,414
560,FSM_UPDATE,2798.72,6000,409,408
570,FSM_UPDATE,2821.68,6000,398,397
580,FSM_UPDATE,2837.92,6000,398,397
590,FSM_UPDATE,2857.36,6000,390,389
600,FSM_UPDATE,2871.73,6000,384,383
610,FSM_UPDATE,2877.65,6000,378,377
620,FSM_UPDATE,2906.34,6000,373,372
630,FSM_UPDATE,2927.55,6000,370,369
640,FSM_UPDATE,2930.27,6000,363,362
650,FSM_UPDATE,2956.9,6000,357,356
660,FSM_UPDATE,2976.07,6000,353,352
670,FSM_UPDATE,2987.64,6000,348,347
680,FSM_UPDATE,3003.41,6000,346,345
690,FSM_UPDATE,3028.99,6000,340,339
700,FSM_UPDATE,3019.48,6000,334,333
710,FSM_UPDATE,3053.98,6000,334,333
720,FSM_UPDATE,3074.68,6000,328,327
730,FSM_UPDATE,3076.46,6000,324,323
740,FSM_UPDATE,3070.48,6000,317,316
750,FSM_UPDATE,3094.23,6000,316,315
760,FSM_UPDATE,3116.38,6000,311,310
770,FSM_UPDATE,3115.01,6000,307,306
780,FSM_UPDATE,3135.65,6000,305,304
790,FSM_UPDATE,3120.22,6000,300,299
800,FSM_UPDATE,3160.55,6000,299,298
810,FSM_UPDATE,3143.61,6000,288,287
820,FSM_UPDATE,3168.61,6000,291,290
830,FSM_UPDATE,3173.08,6000,288,287
840,FSM_UPDATE,3176.85,6000,282,281
850,FSM_UPDATE,3191.72,6000,277,276
860,FSM_UPDATE,3220,6000,278,277
870,FSM_UPDATE,3234.74,6000,273,272
880,FSM_UPDATE,3225.79,6000,270,269
890,FSM_UPDATE,3243.59,6000,270,269
900,FSM_UPDATE,3269.14,6000,265,264
910,FSM_UPDATE,3213.64,6000,256,255
920,FSM_UPDATE,3270.16,6000,253,252
930,FSM_UPDATE,3244.43,6000,250,249
940,FSM_UPDATE,3261.44,6000,251,250
950,FSM_UPDATE,3281.68,6000,246,245
960,FSM_UPDATE,3313.38,6000,246,245
970,FSM_UPDATE,3305.8,6000,242,241
980,FSM_UPDATE,3285.37,6000,236,235
990,FSM_UPDATE,3333.36,6000,239,238
1000,FSM_UPDATE,3330.32,6000,234,233
1010,FSM_UPDATE,3340.11,6000,232,231
1020,FSM_UPDATE,3290.94,6000,230,229
1030,FSM_UPDATE,3322.43,6000,224,223
1040,FSM_UPDATE,3342.04,6000,223,222
1050,FSM_UPDATE,3308.77,6000,220,219
1060,FSM_UPDATE,3335.96,6000,216,215
1070,FSM_UPDATE,3373.59,6000,218,217
1080,FSM_UPDATE,3306.97,6000,211,210
1090,FSM_UPDATE,3327.27,6000,213,212
1100,FSM_UPDATE,3383.37,6000,211,210
1110,FSM_UPDATE,3396.94,6000,208,207
1120,FSM_UPDATE,3389.09,6000,207,206
1130,FSM_UPDATE,3390.72,6000,207,206
1140,FSM_UPDATE,3423.83,6000,204,203
1150,FSM_UPDATE,3422.45,6000,201,200
1160,FSM_UPDATE,3437.39,6000,197,196
1170,FSM_UPDATE,3462.84,6000,195,194
1180,FSM_UPDATE,3447.02,6000,194,193
1190,FSM_UPDATE,3447.69,6000,192,191
1200,FSM_UPDATE,3434.43,6000,194,193
1210,FSM_UPDATE,3449.12,6000,191,190
1220,FSM_UPDATE,3458.58,6000,190,189
1230,FSM_UPDATE,3469.46,6000,187,186
1240,FSM_UPDATE,3456.89,6000,186,185
1250,FSM_UPDATE,3456.28,6000,185,184
1260,FSM_UPDATE,3477.46,6000,184,183
1270,FSM_UPDATE,3486.37,6000,179,178
1280,FSM_UPDATE,3467.03,6000,180,179
1290,FSM_UPDATE,3488.27,6000,178,177
1300,FSM_UPDATE,3390.58,6000,164,163
1310,FSM_UPDATE,3455.98,6000,167,166
1320,FSM_UPDATE,3462.62,6000,166,165
1330,FSM_UPDATE,3487.56,6000,169,168
1340,FSM_UPDATE,3498.69,6000,169,168
1350,FSM_UPDATE,3464.09,6000,166,165
1360,FSM_UPDATE,3538.75,6000,170,169
1370,FSM_UPDATE,3505.8,6000,159,158
1380,FSM_UPDATE,3529.27,6000,164,163
1390,FSM_UPDATE,3546.35,6000,165,164
1400,FSM_UPDATE,3540.73,6000,164,163
1410,FSM_UPDATE,3526.82,6000,162,161
1420,FSM_UPDATE,3544.05,6000,161,160
1430,FSM_UPDATE,3559.83,6000,162,161
1440,FSM_UPDATE,3539.15,6000,159,158
1450,FSM_UPDATE,3554.78,6000,159,158
1460,FSM_UPDATE,3571.68,6000,155,154
1470,FSM_UPDATE,3570.56,6000,154,153
1480,FSM_UPDATE,3570.37,6000,156,155
1490,FSM_UPDATE,3582.1,6000,153,152
1500,FSM_UPDATE,3606.44,6000,153,152
1510,FSM_UPDATE,3592.03,6000,153,152
1520,FSM_UPDATE,3570.39,6000,149,148
1530,FSM_UPDATE,3599.44,6000,149,148
1540,FSM_UPDATE,3633.32,6000,150,149
1550,FSM_UPDATE,3620.94,6000,147,146
1560,FSM_UPDATE,3620.66,6000,146,145
1570,FSM_UPDATE,3646.19,6000,145,144
1580,FSM_UPDATE,3636.07,6000,145,144
1590,FSM_UPDATE,3628.08,6000,143,142
1600,FSM_UPDATE,3607.43,6000,143,142
1610,FSM_UPDATE,3654.44,6000,142,141
1620,FSM_UPDATE,3626.5,6000,141,140
1630,FSM_UPDATE,3642.1,6000,139,138
1640,FSM_UPDATE,3665.1,6000,138,137
1650,FSM_UPDATE,3680.32,6000,134,133
1660,FSM_UPDATE,3693.56,6000,138,137
1670,FSM_UPDATE,3672.72,6000,136,135
1680,FSM_UPDATE,3670.31,6000,136,135
1690,FSM_UPDATE,3664.61,6000,134,133
1700,FSM_UPDATE,3652.37,6000,133,132
1710,FSM_UPDATE,3689.21,6000,132,131
1720,FSM_UPDATE,3695.09,6000,132,131
1730,FSM_UPDATE,3721.31,6000,131,130
1740,FSM_UPDATE,3659.56,6000,130,129
1750,FSM_UPDATE,3741.07,6000,130,129
1760,FSM_UPDATE,3721.85,6000,128,127
1770,FSM_UPDATE,3731,6000,127,126
1780,FSM_UPDATE,3776.15,6000,128,127
1790,FSM_UPDATE,3734.16,6000,127,126
1800,FSM_UPDATE,3736.81,6000,124,123
1810,FSM_UPDATE,3756.85,6000,123,122
1820,FSM_UPDATE,3774.9,6000,125,124
1830,FSM_UPDATE,3765.67,6000,121,120
1840,FSM_UPDATE,3791.42,6000,123,122
1850,FSM_UPDATE,3807.97,6000,122,121
1860,FSM_UPDATE,3807.12,6000,116,115
1870,FSM_UPDATE,3791.33,6000,119,118
1880,FSM_UPDATE,3825.87,6000,117,116
1890,FSM_UPDATE,3817.25,6000,120,119
1900,FSM_UPDATE,3846.84,6000,118,117
1910,FSM_UPDATE,3823.38,6000,117,116
1920,FSM_UPDATE,3833.96,6000,115,114
1930,FSM_UPDATE,3819.64,6000,113,112
1940,FSM_UPDATE,3808.89,6000,114,113
1950,FSM_UPDATE,3846.51,6000,114,113
1960,FSM_UPDATE,3837.27,6000,111,110
1970,FSM_UPDATE,3833.34,6000,111,110
1980,FSM_UPDATE,3858.94,6000,111,110
1990,FSM_UPDATE,3834.61,6000,110,109
2000,FSM_UPDATE,3876.96,6000,111,110
2010,FSM_UPDATE,3856.42,6000,109,108
2020,FSM_UPDATE,3860.49,6000,109,108
2030,FSM_UPDATE,3867.8,6000,108,107
2040,FSM_UPDATE,3881.48,6000,105,104
2050,FSM_UPDATE,3934.2,6000,105,104
2060,FSM_UPDATE,3945.27,6000,104,103
2070,FSM_UPDATE,3891.74,6000,101,100
2080,FSM_UPDATE,3972.17,6000,101,100
2086,FSM_UPDATE,3921.91,6000,100,99
2100,FSM_UPDATE,3916.16,6000,100,99
2110,FSM_UPDATE,3948.65,6000,99,98
2086,FSM_UPDATE,3902.48,6000,101,100
2086,FSM_UPDATE,3979.23,6000,102,101
2110,FSM_UPDATE,3966.1,6000,101,100
2110,FSM_UPDATE,3974.45,6000,101,100
2110,FSM_UPDATE,3951.11,6000,100,99
2110,FSM_UPDATE,3956.68,6000,100,99
2110,FSM_UPDATE,3950.1,6000,101,100
2110,FSM_UPDATE,3970.13,6000,102,101
2086,FSM_UPDATE,3945.04,6000,102,101
2086,FSM_UPDATE,3957.31,6000,101,100
2110,FSM_UPDATE,3992.66,6000,101,100
2086,FSM_UPDATE,3993.79,6000,102,101
2110,FSM_UPDATE,3930.32,6000,101,100
2086,FSM_UPDATE,3955.18,6000,101,100
2110,FSM_UPDATE,3915.14,6000,101,100
2086,FSM_UPDATE,3579.29,6000,131,130
2086,FSM_UPDATE,3994.1,6000,102,101
2110,FSM_UPDATE,3981.52,6000,100,99
2110,FSM_UPDATE,3928.47,6000,98,97
2086,FSM_UPDATE,3943.85,6000,102,101
2086,FSM_UPDATE,3928.33,6000,101,100
2110,FSM_UPDATE,3955.3,6000,100,99
2110,FSM_UPDATE,3944.32,6000,102,101
2086,FSM_UPDATE,3989.33,6000,101,100
2110,FSM_UPDATE,3957.27,6000,101,100
2110,FSM_UPDATE,3975.24,6000,100,99
2110,FSM_UPDATE,3900.69,6000,101,100
2086,FSM_UPDATE,3955.44,6000,98,97
2110,FSM_UPDATE,3937.12,6000,100,99
2086,FSM_UPDATE,3940.18,6000,101,100
2086,FSM_UPDATE,3987.04,6000,102,101
2110,FSM_UPDATE,3987.02,6000,101,100
2086,FSM_UPDATE,3935.34,6000,102,101
2086,FSM_UPDATE,3924.47,6000,101,100
2086,FSM_UPDATE,3903.89,6000,101,100
2110,FSM_UPDATE,3906.15,6000,100,99
2110,FSM_UPDATE,3972.45,6000,99,98
2086,FSM_UPDATE,3928.77,6000,102,101
2110,FSM_UPDATE,3931.52,6000,100,99
2086,FSM_UPDATE,3931.87,6000,101,100
2110,FSM_UPDATE,3993.99,6000,101,100
2110,FSM_UPDATE,3947.63,6000,99,98
2110,FSM_UPDATE,3947,6000,101,100
2110,FSM_UPDATE,3987.46,6000,101,100
2110,FSM_UPDATE,3997.45,6000,100,99
2086,FSM_UPDATE,3928.75,6000,101,100
2110,FSM_UPDATE,3899.14,6000,100,99
2086,FSM_UPDATE,3948.82,6000,99,98
2086,FSM_UPDATE,3984.22,6000,101,100
2110,FSM_UPDATE,3956.97,6000,101,100
2086,FSM_UPDATE,3900.24,6000,99,98
2110,FSM_UPDATE,3884.46,6000,99,98
2086,FSM_UPDATE,3871.73,6000,99,98
2086,FSM_UPDATE,3968.31,6000,101,100
2086,FSM_UPDATE,3940.49,6000,102,101
2086,FSM_UPDATE,3938.23,6000,101,100
2086,FSM_UPDATE,3946.98,6000,102,101
2110,FSM_UPDATE,3910.72,6000,100,99
2086,FSM_UPDATE,3945.71,6000,101,100
2086,FSM_UPDATE,3956.24,6000,101,100
2110,FSM_UPDATE,3973.91,6000,101,100
2086,FSM_UPDATE,3913.25,6000,102,101
2110,FSM_UPDATE,3968.65,6000,101,100
2086,FSM_UPDATE,3931.23,6000,100,99
2086,FSM_UPDATE,3981.61,6000,100,99
2110,FSM_UPDATE,3929.77,6000,101,100
2086,FSM_UPDATE,3897.39,6000,100,99
2110,FSM_UPDATE,3922.11,6000,100,99
2110,FSM_UPDATE,3929.33,6000,100,99
2086,FSM_UPDATE,3898.3,6000,102,101
2086,FSM_UPDATE,3989.86,6000,100,99
2086,FSM_UPDATE,3917.1,6000,102,101
2110,FSM_UPDATE,3926.04,6000,100,99
2086,FSM_UPDATE,3995.08,6000,102,101
2086,FSM_UPDATE,3929.23,6000,102,101
2086,FSM_UPDATE,3913.3,6000,101,100
2086,FSM_UPDATE,3981.82,6000,102,101
2086,FSM_UPDATE,3949.15,6000,102,101
2086,FSM_UPDATE,3967.37,6000,102,101
2086,FSM_UPDATE,3911.88,6000,102,101
2086,FSM_UPDATE,3951.05,6000,101,100
2110,FSM_UPDATE,3984.59,6000,102,101
2086,FSM_UPDATE,3947.62,6000,101,100
2086,FSM_UPDATE,3922.04,6000,100,99
2110,FSM_UPDATE,3928.66,6000,100,99
2086,FSM_UPDATE,3962.13,6000,102,101
2110,FSM_UPDATE,3928.75,6000,100,99
2086,FSM_UPDATE,3892.18,6000,100,99
2110,FSM_UPDATE,3945.48,6000,102,101
2110,FSM_UPDATE,3943.92,6000,101,100
2086,FSM_UPDATE,3910.8,6000,101,100
2110,FSM_UPDATE,3903.62,6000,97,96
2086,FSM_UPDATE,3961.36,6000,101,100
2086,FSM_UPDATE,3946.03,6000,102,101
2086,FSM_UPDATE,3935.02,6000,102,101
2086,FSM_UPDATE,3976.44,6000,101,100
2086,FSM_UPDATE,3932.7,6000,101,100
2086,FSM_UPDATE,3957.62,6000,101,100
2086,FSM_UPDATE,3911.88,6000,100,99
2110,FSM_UPDATE,3912.04,6000,100,99
2110,FSM_UPDATE,3985.76,6000,101,100
2110,FSM_UPDATE,3952.7,6000,99,98
2110,FSM_UPDATE,3948.48,6000,100,99
2086,FSM_UPDATE,3948.93,6000,100,99
2110,FSM_UPDATE,3899.8,6000,100,99
2110,FSM_UPDATE,3920.05,6000,100,99
2110,FSM_UPDATE,3922.58,6000,100,99
2086,FSM_UPDATE,3898.14,6000,102,101
2110,FSM_UPDATE,3954.67,6000,100,99
2086,FSM_UPDATE,3908.5,6000,102,101
2110,FSM_UPDATE,3942.43,6000,100,99
2086,FSM_UPDATE,3963.63,6000,99,98
2110,FSM_UPDATE,3943.91,6000,100,99
2086,FSM_UPDATE,3922.88,6000,102,101
2086,FSM_UPDATE,3929.08,6000,101,100
2086,FSM_UPDATE,3904.34,6000,101,100
2086,FSM_UPDATE,3956.59,6000,101,100
2086,FSM_UPDATE,3944,6000,102,101
2086,FSM_UPDATE,3949.52,6000,101,100
2086,FSM_UPDATE,3942.47,6000,100,99
2086,FSM_UPDATE,3941.81,6000,101,100
2086,FSM_UPDATE,3931.09,6000,100,99
2086,FSM_UPDATE,3919.69,6000,101,100
2086,FSM_UPDATE,3907.81,6000,100,99
2086,FSM_UPDATE,3904.86,6000,101,100
2086,FSM_UPDATE,3971.37,6000,100,99
2086,FSM_UPDATE,3955.93,6000,101,100
2110,FSM_UPDATE,3878.9,6000,101,100
2086,FSM_UPDATE,3924.49,6000,101,100
2110,FSM_UPDATE,3903.53,6000,100,99
2110,FSM_UPDATE,3972.73,6000,100,99
2086,FSM_UPDATE,3948.8,6000,100,99
2086,FSM_UPDATE,3968.97,6000,101,100
2086,FSM_UPDATE,3919.11,6000,100,99
2086,FSM_UPDATE,3950.68,6000,99,98
2086,FSM_UPDATE,3932.81,6000,100,99
2086,FSM_UPDATE,3971.56,6000,100,99
2086,FSM_UPDATE,3939.93,6000,101,100
2086,FSM_UPDATE,3942.74,6000,101,100
2086,FSM_UPDATE,3935.9,6000,101,100
2086,FSM_UPDATE,3926.19,6000,101,100
2086,FSM_UPDATE,3988.67,6000,101,100
2086,FSM_UPDATE,3917.44,6000,102,101
2086,FSM_UPDATE,3912.9,6000,101,100
2086,FSM_UPDATE,3927.74,6000,101,100
2086,FSM_UPDATE,3910.37,6000,100,99
2110,FSM_UPDATE,3937.34,6000,101,100
2110,FSM_UPDATE,3968.72,6000,100,99
2110,FSM_UPDATE,3910.18,6000,100,99
2110,FSM_UPDATE,3963.46,6000,100,99
2110,FSM_UPDATE,3965.42,6000,98,97
2110,FSM_UPDATE,3975.6,6000,100,99
2086,FSM_UPDATE,3968.35,6000,100,99
2086,FSM_UPDATE,3975.8,6000,100,99
2086,FSM_UPDATE,3915.96,6000,101,100
2110,FSM_UPDATE,3931.88,6000,101,100
2086,FSM_UPDATE,3931.24,6000,102,101
2086,FSM_UPDATE,4004.6,6000,102,101
2086,FSM_UPDATE,3942.02,6000,101,100
2110,FSM_UPDATE,3976.41,6000,100,99
2086,FSM_UPDATE,3986.26,6000,102,101
2110,FSM_UPDATE,3884.9,6000,100,99
2086,FSM_UPDATE,3937.28,6000,101,100
2086,FSM_UPDATE,3923.32,6000,100,99
2086,FSM_UPDATE,3931.26,6000,101,100
2086,FSM_UPDATE,3945.92,6000,101,100
2086,FSM_UPDATE,3888.09,6000,101,100
2086,FSM_UPDATE,3941.16,6000,101,100
2110,FSM_UPDATE,3970.11,6000,100,99
2086,FSM_UPDATE,3903.44,6000,101,100
2110,FSM_UPDATE,3901.57,6000,99,98
2086,FSM_UPDATE,3918.23,6000,100,99
2086,FSM_UPDATE,3884.61,6000,98,97
2086,FSM_UPDATE,3929.92,6000,102,101
2086,FSM_UPDATE,3923.88,6000,101,100
2110,FSM_UPDATE,3981.46,6000,101,100
2086,FSM_UPDATE,3930.52,6000,100,99
2110,FSM_UPDATE,3976.15,6000,98,97
2110,FSM_UPDATE,3971.84,6000,100,99
2110,FSM_UPDATE,3966.38,6000,99,98
2086,FSM_UPDATE,3986.71,6000,102,101
2086,FSM_UPDATE,3937.57,6000,102,101
2086,FSM_UPDATE,3908.62,6000,102,101
2086,FSM_UPDATE,3916.03,6000,101,100
2110,FSM_UPDATE,3941.89,6000,101,100
2086,FSM_UPDATE,3981.95,6000,101,100
2110,FSM_UPDATE,3883.78,6000,99,98
2086,FSM_UPDATE,3914.5,6000,101,100
2086,FSM_UPDATE,3846.99,6000,97,96

Nr of AI,Name,TimeSpent[ms],TotalRunTime[ms],Iterations,frames
0,EVENT_UPDATE,765.102,6000,774,773
10,EVENT_UPDATE,802.634,6000,776,775
20,EVENT_UPDATE,824.884,6000,774,773
30,EVENT_UPDATE,858.646,6000,773,772
40,EVENT_UPDATE,880.946,6000,772,771
50,EVENT_UPDATE,871.635,6000,770,769
60,EVENT_UPDATE,925.219,6000,768,767
70,EVENT_UPDATE,937.759,6000,767,766
80,EVENT_UPDATE,984.006,6000,766,765
90,EVENT_UPDATE,984.024,6000,763,762
100,EVENT_UPDATE,1021.47,6000,763,762
110,EVENT_UPDATE,1033.13,6000,761,760
120,EVENT_UPDATE,1042.54,6000,759,758
130,EVENT_UPDATE,1071.16,6000,757,756
140,EVENT_UPDATE,1092.3,6000,756,755
150,EVENT_UPDATE,1135.59,6000,757,756
160,EVENT_UPDATE,1147.22,6000,752,751
170,EVENT_UPDATE,1148.79,6000,743,742
180,EVENT_UPDATE,1180,6000,739,738
190,EVENT_UPDATE,1174.18,6000,725,724
200,EVENT_UPDATE,1178.82,6000,707,706
210,EVENT_UPDATE,1185.08,6000,708,707
220,EVENT_UPDATE,1201.06,6000,697,696
230,EVENT_UPDATE,1203.42,6000,688,687
240,EVENT_UPDATE,1212.08,6000,676,675
250,EVENT_UPDATE,1205.15,6000,672,671
260,EVENT_UPDATE,1223.72,6000,661,660
270,EVENT_UPDATE,1231.46,6000,657,656
280,EVENT_UPDATE,1224.92,6000,651,650
290,EVENT_UPDATE,1226.42,6000,635,634
300,EVENT_UPDATE,1256.92,6000,632,631
310,EVENT_UPDATE,1251.48,6000,621,620
320,EVENT_UPDATE,1254.83,6000,610,609
330,EVENT_UPDATE,1252.79,6000,591,590
340,EVENT_UPDATE,1250.95,6000,590,589
350,EVENT_UPDATE,1271.45,6000,581,580
360,EVENT_UPDATE,1260.7,6000,573,572
370,EVENT_UPDATE,1217.23,6000,556,555
380,EVENT_UPDATE,1222.56,6000,539,538
390,EVENT_UPDATE,1227.59,6000,539,538
400,EVENT_UPDATE,1252.21,6000,513,512
410,EVENT_UPDATE,1242.73,6000,484,483
420,EVENT_UPDATE,1238.24,6000,493,492
430,EVENT_UPDATE,1241.3,6000,491,490
440,EVENT_UPDATE,1234,6000,474,473
450,EVENT_UPDATE,1218.63,6000,471,470
460,EVENT_UPDATE,1209.86,6000,473,472
470,EVENT_UPDATE,1195.02,6000,460,459
480,EVENT_UPDATE,1215.59,6000,452,451
490,EVENT_UPDATE,1202.08,6000,453,452
500,EVENT_UPDATE,1185.33,6000,447,446
510,EVENT_UPDATE,1168.28,6000,440,439
520,EVENT_UPDATE,1186.45,6000,439,438
530,EVENT_UPDATE,1165.56,6000,430,429
540,EVENT_UPDATE,1161.13,6000,416,415
550,EVENT_UPDATE,1170.43,6000,415,414
560,EVENT_UPDATE,1164.93,6000,409,408
570,EVENT_UPDATE,1145.78,6000,398,397
580,EVENT_UPDATE,1145.83,6000,398,397
590,EVENT_UPDATE,1158.54,6000,390,389
600,EVENT_UPDATE,1135.81,6000,384,383
610,EVENT_UPDATE,1137.65,6000,378,377
620,EVENT_UPDATE,1133.7,6000,373,372
630,EVENT_UPDATE,1135.26,6000,370,369
640,EVENT_UPDATE,1137.14,6000,363,362
650,EVENT_UPDATE,1144.43,6000,357,356
660,EVENT_UPDATE,1122.34,6000,353,352
670,EVENT_UPDATE,1145,6000,348,347
680,EVENT_UPDATE,1124.45,6000,346,345
690,EVENT_UPDATE,1132.23,6000,340,339
700,EVENT_UPDATE,1096.61,6000,334,333
710,EVENT_UPDATE,1090.73,6000,334,333
720,EVENT_UPDATE,1092.5,6000,328,327
730,EVENT_UPDATE,1102.1,6000,324,323
740,EVENT_UPDATE,1075.06,6000,317,316
750,EVENT_UPDATE,1093.92,6000,316,315
760,EVENT_UPDATE,1094.93,6000,311,310
770,EVENT_UPDATE,1094.1,6000,307,306
780,EVENT_UPDATE,1076.53,6000,305,304
790,EVENT_UPDATE,1095.57,6000,300,299
800,EVENT_UPDATE,1085.73,6000,299,298
810,EVENT_UPDATE,1052.22,6000,288,287
820,EVENT_UPDATE,1077.66,6000,291,290
830,EVENT_UPDATE,1081.08,6000,288,287
840,EVENT_UPDATE,1047.81,6000,282,281
850,EVENT_UPDATE,1043.99,6000,277,276
860,EVENT_UPDATE,1067.55,6000,278,277
870,EVENT_UPDATE,1050.32,6000,273,272
880,EVENT_UPDATE,1027.75,6000,270,269
890,EVENT_UPDATE,1053.51,6000,270,269
900,EVENT_UPDATE,1036.23,6000,265,264
910,EVENT_UPDATE,1033.92,6000,256,255
920,EVENT_UPDATE,1009.39,6000,253,252
930,EVENT_UPDATE,1001.58,6000,250,249
940,EVENT_UPDATE,1023.52,6000,251,250
950,EVENT_UPDATE,1022.6,6000,246,245
960,EVENT_UPDATE,1015.26,6000,246,245
970,EVENT_UPDATE,1017.1,6000,242,241
980,EVENT_UPDATE,1001.07,6000,236,235
990,EVENT_UPDATE,1004.71,6000,239,238
1000,EVENT_UPDATE,999.141,6000,234,233
1010,EVENT_UPDATE,994.03,6000,232,231
1020,EVENT_UPDATE,995.397,6000,230,229
1030,EVENT_UPDATE,985.991,6000,224,223
1040,EVENT_UPDATE,969.539,6000,223,222
1050,EVENT_UPDATE,963.91,6000,220,219
1060,EVENT_UPDATE,973.108,6000,216,215
1070,EVENT_UPDATE,987.314,6000,218,217
1080,EVENT_UPDATE,963.051,6000,211,210
1090,EVENT_UPDATE,983.06,6000,213,212
1100,EVENT_UPDATE,969.784,6000,211,210
1110,EVENT_UPDATE,973.907,6000,208,207
1120,EVENT_UPDATE,966.109,6000,207,206
1130,EVENT_UPDATE,976.07,6000,207,206
1140,EVENT_UPDATE,959.037,6000,204,203
1150,EVENT_UPDATE,958.86,6000,201,200
1160,EVENT_UPDATE,949.512,6000,197,196
1170,EVENT_UPDATE,951.845,6000,195,194
1180,EVENT_UPDATE,956.639,6000,194,193
1190,EVENT_UPDATE,946.24,6000,192,191
1200,EVENT_UPDATE,950.569,6000,194,193
1210,EVENT_UPDATE,940.014,6000,191,190
1220,EVENT_UPDATE,938.925,6000,190,189
1230,EVENT_UPDATE,937.608,6000,187,186
1240,EVENT_UPDATE,941.844,6000,186,185
1250,EVENT_UPDATE,946.262,6000,185,184
1260,EVENT_UPDATE,940.444,6000,184,183
1270,EVENT_UPDATE,932.341,6000,179,178
1280,EVENT_UPDATE,936.724,6000,180,179
1290,EVENT_UPDATE,923.858,6000,178,177
1300,EVENT_UPDATE,897.354,6000,164,163
1310,EVENT_UPDATE,919.922,6000,167,166
1320,EVENT_UPDATE,928.377,6000,166,165
1330,EVENT_UPDATE,929.859,6000,169,168
1340,EVENT_UPDATE,926.911,6000,169,168
1350,EVENT_UPDATE,902.485,6000,166,165
1360,EVENT_UPDATE,925.107,6000,170,169
1370,EVENT_UPDATE,922.56,6000,159,158
1380,EVENT_UPDATE,924.082,6000,164,163
1390,EVENT_UPDATE,930.49,6000,165,164
1400,EVENT_UPDATE,926.998,6000,164,163
1410,EVENT_UPDATE,914.638,6000,162,161
1420,EVENT_UPDATE,919.568,6000,161,160
1430,EVENT_UPDATE,926.793,6000,162,161
1440,EVENT_UPDATE,916.943,6000,159,158
1450,EVENT_UPDATE,913.349,6000,159,158
1460,EVENT_UPDATE,914.921,6000,155,154
1470,EVENT_UPDATE,900.229,6000,154,153
1480,EVENT_UPDATE,913.161,6000,156,155
1490,EVENT_UPDATE,905.723,6000,153,152
1500,EVENT_UPDATE,901.902,6000,153,152
1510,EVENT_UPDATE,910.743,6000,153,152
1520,EVENT_UPDATE,887.694,6000,149,148
1530,EVENT_UPDATE,897.457,6000,149,148
1540,EVENT_UPDATE,900.823,6000,150,149
1550,EVENT_UPDATE,887.31,6000,147,146
1560,EVENT_UPDATE,891.528,6000,146,145
1570,EVENT_UPDATE,886.119,6000,145,144
1580,EVENT_UPDATE,898.314,6000,145,144
1590,EVENT_UPDATE,885.159,6000,143,142
1600,EVENT_UPDATE,892.17,6000,143,142
1610,EVENT_UPDATE,893.989,6000,142,141
1620,EVENT_UPDATE,888.159,6000,141,140
1630,EVENT_UPDATE,875.556,6000,139,138
1640,EVENT_UPDATE,882.887,6000,138,137
1650,EVENT_UPDATE,873.352,6000,134,133
1660,EVENT_UPDATE,875.334,6000,138,137
1670,EVENT_UPDATE,872.576,6000,136,135
1680,EVENT_UPDATE,878.496,6000,136,135
1690,EVENT_UPDATE,869.971,6000,134,133
1700,EVENT_UPDATE,874.4,6000,133,132
1710,EVENT_UPDATE,866.496,6000,132,131
1720,EVENT_UPDATE,875.118,6000,132,131
1730,EVENT_UPDATE,874.907,6000,131,130
1740,EVENT_UPDATE,877.088,6000,130,129
1750,EVENT_UPDATE,878.358,6000,130,129
1760,EVENT_UPDATE,881.522,6000,128,127
1770,EVENT_UPDATE,868.967,6000,127,126
1780,EVENT_UPDATE,876.861,6000,128,127
1790,EVENT_UPDATE,873.802,6000,127,126
1800,EVENT_UPDATE,864.784,6000,124,123
1810,EVENT_UPDATE,852.664,6000,123,122
1820,EVENT_UPDATE,865.191,6000,125,124
1830,EVENT_UPDATE,842.277,6000,121,120
1840,EVENT_UPDATE,853.644,6000,123,122
1850,EVENT_UPDATE,845.739,6000,122,121
1860,EVENT_UPDATE,834.181,6000,116,115
1870,EVENT_UPDATE,834.324,6000,119,118
1880,EVENT_UPDATE,845.556,6000,117,116
1890,EVENT_UPDATE,845.404,6000,120,119
1900,EVENT_UPDATE,839.49,6000,118,117
1910,EVENT_UPDATE,835.441,6000,117,116
1920,EVENT_UPDATE,829.991,6000,115,114
1930,EVENT_UPDATE,834.869,6000,113,112
1940,EVENT_UPDATE,834.666,6000,114,113
1950,EVENT_UPDATE,829.301,6000,114,113
1960,EVENT_UPDATE,808.083,6000,111,110
1970,EVENT_UPDATE,818.206,6000,111,110
1980,EVENT_UPDATE,817.452,6000,111,110
1990,EVENT_UPDATE,815.837,6000,110,109
2000,EVENT_UPDATE,824.202,6000,111,110
2010,EVENT_UPDATE,820.11,6000,109,108
2020,EVENT_UPDATE,823.686,6000,109,108
2030,EVENT_UPDATE,806.37,6000,108,107
2040,EVENT_UPDATE,800.061,6000,105,104
2050,EVENT_UPDATE,807.418,6000,105,104
2060,EVENT_UPDATE,807.903,6000,104,103
2070,EVENT_UPDATE,787.644,6000,101,100
2080,EVENT_UPDATE,788.404,6000,101,100
2086,EVENT_UPDATE,775.361,6000,100,99
2100,EVENT_UPDATE,777.195,6000,100,99
2110,EVENT_UPDATE,779.519,6000,99,98
2086,EVENT_UPDATE,785.787,6000,101,100
2086,EVENT_UPDATE,781.939,6000,102,101
2110,EVENT_UPDATE,778.367,6000,101,100
2110,EVENT_UPDATE,783.276,6000,101,100
2110,EVENT_UPDATE,771.827,6000,100,99
2110,EVENT_UPDATE,769.691,6000,100,99
2110,EVENT_UPDATE,788.897,6000,101,100
2110,EVENT_UPDATE,804.471,6000,102,101
2086,EVENT_UPDATE,790.198,6000,102,101
2086,EVENT_UPDATE,776.51,6000,101,100
2110,EVENT_UPDATE,790.942,6000,101,100
2086,EVENT_UPDATE,797.12,6000,102,101
2110,EVENT_UPDATE,786.896,6000,101,100
2086,EVENT_UPDATE,780.255,6000,101,100
2110,EVENT_UPDATE,787.642,6000,101,100
2086,EVENT_UPDATE,994.81,6000,131,130
2086,EVENT_UPDATE,785.819,6000,102,101
2110,EVENT_UPDATE,790.847,6000,100,99
2110,EVENT_UPDATE,781.223,6000,98,97
2086,EVENT_UPDATE,787.892,6000,102,101
2086,EVENT_UPDATE,774.005,6000,101,100
2110,EVENT_UPDATE,778.356,6000,100,99
2110,EVENT_UPDATE,791.28,6000,102,101
2086,EVENT_UPDATE,787.727,6000,101,100
2110,EVENT_UPDATE,780.09,6000,101,100
2110,EVENT_UPDATE,788.264,6000,100,99
2110,EVENT_UPDATE,791.203,6000,101,100
2086,EVENT_UPDATE,776.366,6000,98,97
2110,EVENT_UPDATE,781.509,6000,100,99
2086,EVENT_UPDATE,776.378,6000,101,100
2086,EVENT_UPDATE,795.486,6000,102,101
2110,EVENT_UPDATE,790.749,6000,101,100
2086,EVENT_UPDATE,793.941,6000,102,101
2086,EVENT_UPDATE,776.323,6000,101,100
2086,EVENT_UPDATE,772.077,6000,101,100
2110,EVENT_UPDATE,786.883,6000,100,99
2110,EVENT_UPDATE,786.33,6000,99,98
2086,EVENT_UPDATE,787.603,6000,102,101
2110,EVENT_UPDATE,777.084,6000,100,99
2086,EVENT_UPDATE,776.791,6000,101,100
2110,EVENT_UPDATE,784.352,6000,101,100
2110,EVENT_UPDATE,777.215,6000,99,98
2110,EVENT_UPDATE,792.759,6000,101,100
2110,EVENT_UPDATE,789.236,6000,101,100
2110,EVENT_UPDATE,787.315,6000,100,99
2086,EVENT_UPDATE,793.365,6000,101,100
2110,EVENT_UPDATE,789.678,6000,100,99
2086,EVENT_UPDATE,768.429,6000,99,98
2086,EVENT_UPDATE,787.387,6000,101,100
2110,EVENT_UPDATE,791.771,6000,101,100
2086,EVENT_UPDATE,763.528,6000,99,98
2110,EVENT_UPDATE,769.276,6000,99,98
2086,EVENT_UPDATE,756.907,6000,99,98
2086,EVENT_UPDATE,786.278,6000,101,100
2086,EVENT_UPDATE,785.439,6000,102,101
2086,EVENT_UPDATE,779.648,6000,101,100
2086,EVENT_UPDATE,794.915,6000,102,101
2110,EVENT_UPDATE,788.626,6000,100,99
2086,EVENT_UPDATE,783.641,6000,101,100
2086,EVENT_UPDATE,781.169,6000,101,100
2110,EVENT_UPDATE,792.136,6000,101,100
2086,EVENT_UPDATE,788.614,6000,102,101
2110,EVENT_UPDATE,795.805,6000,101,100
2086,EVENT_UPDATE,784.565,6000,100,99
2086,EVENT_UPDATE,792.12,6000,100,99
2110,EVENT_UPDATE,795.01,6000,101,100
2086,EVENT_UPDATE,780.408,6000,100,99
2110,EVENT_UPDATE,780.338,6000,100,99
2110,EVENT_UPDATE,778.668,6000,100,99
2086,EVENT_UPDATE,788.515,6000,102,101
2086,EVENT_UPDATE,785.633,6000,100,99
2086,EVENT_UPDATE,796.639,6000,102,101
2110,EVENT_UPDATE,788.318,6000,100,99
2086,EVENT_UPDATE,783.78,6000,102,101
2086,EVENT_UPDATE,790.338,6000,102,101
2086,EVENT_UPDATE,781.745,6000,101,100
2086,EVENT_UPDATE,791.176,6000,102,101
2086,EVENT_UPDATE,789.335,6000,102,101
2086,EVENT_UPDATE,787.024,6000,102,101
2086,EVENT_UPDATE,784.302,6000,102,101
2086,EVENT_UPDATE,789.438,6000,101,100
2110,EVENT_UPDATE,792.519,6000,102,101
2086,EVENT_UPDATE,789.376,6000,101,100
2086,EVENT_UPDATE,783.395,6000,100,99
2110,EVENT_UPDATE,789.13,6000,100,99
2086,EVENT_UPDATE,789.141,6000,102,101
2110,EVENT_UPDATE,781.107,6000,100,99
2086,EVENT_UPDATE,774.293,6000,100,99
2110,EVENT_UPDATE,796.312,6000,102,101
2110,EVENT_UPDATE,786.922,6000,101,100
2086,EVENT_UPDATE,781.15,6000,101,100
2110,EVENT_UPDATE,755.029,6000,97,96
2086,EVENT_UPDATE,779.307,6000,101,100
2086,EVENT_UPDATE,780.902,6000,102,101
2086,EVENT_UPDATE,777.503,6000,102,101
2086,EVENT_UPDATE,781.835,6000,101,100
2086,EVENT_UPDATE,783.291,6000,101,100
2086,EVENT_UPDATE,786.32,6000,101,100
2086,EVENT_UPDATE,779.674,6000,100,99
2110,EVENT_UPDATE,784.29,6000,100,99
2110,EVENT_UPDATE,787.174,6000,101,100
2110,EVENT_UPDATE,778.795,6000,99,98
2110,EVENT_UPDATE,788.489,6000,100,99
2086,EVENT_UPDATE,775.039,6000,100,99
2110,EVENT_UPDATE,788.071,6000,100,99
2110,EVENT_UPDATE,774.065,6000,100,99
2110,EVENT_UPDATE,782.65,6000,100,99
2086,EVENT_UPDATE,785.508,6000,102,101
2110,EVENT_UPDATE,794.14,6000,100,99
2086,EVENT_UPDATE,785.547,6000,102,101
2110,EVENT_UPDATE,785.206,6000,100,99
2086,EVENT_UPDATE,781.557,6000,99,98
2110,EVENT_UPDATE,785.153,6000,100,99
2086,EVENT_UPDATE,789.431,6000,102,101
2086,EVENT_UPDATE,779.835,6000,101,100
2086,EVENT_UPDATE,787.378,6000,101,100
2086,EVENT_UPDATE,783.499,6000,101,100
2086,EVENT_UPDATE,795.956,6000,102,101
2086,EVENT_UPDATE,778.478,6000,101,100
2086,EVENT_UPDATE,782.393,6000,100,99
2086,EVENT_UPDATE,786.242,6000,101,100
2086,EVENT_UPDATE,782.422,6000,100,99
2086,EVENT_UPDATE,785.146,6000,101,100
2086,EVENT_UPDATE,787.519,6000,100,99
2086,EVENT_UPDATE,785.844,6000,101,100
2086,EVENT_UPDATE,785.154,6000,100,99
2086,EVENT_UPDATE,785.44,6000,101,100
2110,EVENT_UPDATE,789.036,6000,101,100
2086,EVENT_UPDATE,779.081,6000,101,100
2110,EVENT_UPDATE,793.048,6000,100,99
2110,EVENT_UPDATE,790.171,6000,100,99
2086,EVENT_UPDATE,779.912,6000,100,99
2086,EVENT_UPDATE,788.356,6000,101,100
2086,EVENT_UPDATE,771.009,6000,100,99
2086,EVENT_UPDATE,777.753,6000,99,98
2086,EVENT_UPDATE,778.447,6000,100,99
2086,EVENT_UPDATE,776.386,6000,100,99
2086,EVENT_UPDATE,782.649,6000,101,100
2086,EVENT_UPDATE,792.465,6000,101,100
2086,EVENT_UPDATE,782.898,6000,101,100
2086,EVENT_UPDATE,783.532,6000,101,100
2086,EVENT_UPDATE,780.269,6000,101,100
2086,EVENT_UPDATE,787.18,6000,102,101
2086,EVENT_UPDATE,783.817,6000,101,100
2086,EVENT_UPDATE,780.43,6000,101,100
2086,EVENT_UPDATE,777.303,6000,100,99
2110,EVENT_UPDATE,796.347,6000,101,100
2110,EVENT_UPDATE,787.442,6000,100,99
2110,EVENT_UPDATE,790.969,6000,100,99
2110,EVENT_UPDATE,786.534,6000,100,99
2110,EVENT_UPDATE,783.666,6000,98,97
2110,EVENT_UPDATE,786.29,6000,100,99
2086,EVENT_UPDATE,781.293,6000,100,99
2086,EVENT_UPDATE,789.958,6000,100,99
2086,EVENT_UPDATE,787.144,6000,101,100
2110,EVENT_UPDATE,790.409,6000,101,100
2086,EVENT_UPDATE,794.573,6000,102,101
2086,EVENT_UPDATE,788.112,6000,102,101
2086,EVENT_UPDATE,778.499,6000,101,100
2110,EVENT_UPDATE,791.458,6000,100,99
2086,EVENT_UPDATE,787.196,6000,102,101
2110,EVENT_UPDATE,785.231,6000,100,99
2086,EVENT_UPDATE,787.998,6000,101,100
2086,EVENT_UPDATE,783.876,6000,100,99
2086,EVENT_UPDATE,782.223,6000,101,100
2086,EVENT_UPDATE,796.836,6000,101,100
2086,EVENT_UPDATE,789.545,6000,101,100
2086,EVENT_UPDATE,789.883,6000,101,100
2110,EVENT_UPDATE,783.376,6000,100,99
2086,EVENT_UPDATE,783.511,6000,101,100
2110,EVENT_UPDATE,777.383,6000,99,98
2086,EVENT_UPDATE,779.385,6000,100,99
2086,EVENT_UPDATE,767.017,6000,98,97
2086,EVENT_UPDATE,781.887,6000,102,101
2086,EVENT_UPDATE,789.925,6000,101,100
2110,EVENT_UPDATE,792.087,6000,101,100
2086,EVENT_UPDATE,782.642,6000,100,99
2110,EVENT_UPDATE,784.22,6000,98,97
2110,EVENT_UPDATE,795.576,6000,100,99
2110,EVENT_UPDATE,788.264,6000,99,98
2086,EVENT_UPDATE,796.946,6000,102,101
2086,EVENT_UPDATE,801.885,6000,102,101
2086,EVENT_UPDATE,784.179,6000,102,101
2086,EVENT_UPDATE,785.66,6000,101,100
2110,EVENT_UPDATE,784.066,6000,101,100
2086,EVENT_UPDATE,782.814,6000,101,100
2110,EVENT_UPDATE,777.718,6000,99,98
2086,EVENT_UPDATE,781.056,6000,101,100
2086,EVENT_UPDATE,764.589,6000,97,96

Nr of AI,Name,TimeSpent[ms],TotalRunTime[ms],Iterations,frames
0,AI_HANDLER_UPDATE,798.632,6000,774,773
10,AI_HANDLER_UPDATE,911.21,6000,776,775
20,AI_HANDLER_UPDATE,1007.75,6000,774,773
30,AI_HANDLER_UPDATE,1120.8,6000,773,772
40,AI_HANDLER_UPDATE,1219.27,6000,772,771
50,AI_HANDLER_UPDATE,1288.92,6000,770,769
60,AI_HANDLER_UPDATE,1423.86,6000,768,767
70,AI_HANDLER_UPDATE,1517.12,6000,767,766
80,AI_HANDLER_UPDATE,1630.72,6000,766,765
90,AI_HANDLER_UPDATE,1719.28,6000,763,762
100,AI_HANDLER_UPDATE,1845.57,6000,763,762
110,AI_HANDLER_UPDATE,1928.49,6000,761,760
120,AI_HANDLER_UPDATE,2017.92,6000,759,758
130,AI_HANDLER_UPDATE,2127.05,6000,757,756
140,AI_HANDLER_UPDATE,2228.39,6000,756,755
150,AI_HANDLER_UPDATE,2398.06,6000,757,756
160,AI_HANDLER_UPDATE,2451.08,6000,752,751
170,AI_HANDLER_UPDATE,2537.41,6000,743,742
180,AI_HANDLER_UPDATE,2609.65,6000,739,738
190,AI_HANDLER_UPDATE,2668.89,6000,725,724
200,AI_HANDLER_UPDATE,2738.34,6000,707,706
210,AI_HANDLER_UPDATE,2782.87,6000,708,707
220,AI_HANDLER_UPDATE,2849.48,6000,697,696
230,AI_HANDLER_UPDATE,2897.68,6000,688,687
240,AI_HANDLER_UPDATE,3006.8,6000,676,675
250,AI_HANDLER_UPDATE,3006.59,6000,672,671
260,AI_HANDLER_UPDATE,3058.84,6000,661,660
270,AI_HANDLER_UPDATE,3141.38,6000,657,656
280,AI_HANDLER_UPDATE,3190.19,6000,651,650
290,AI_HANDLER_UPDATE,3304.03,6000,635,634
300,AI_HANDLER_UPDATE,3336.3,6000,632,631
310,AI_HANDLER_UPDATE,3362.23,6000,621,620
320,AI_HANDLER_UPDATE,3406.67,6000,610,609
330,AI_HANDLER_UPDATE,3526.93,6000,591,590
340,AI_HANDLER_UPDATE,3477.77,6000,590,589
350,AI_HANDLER_UPDATE,3535.55,6000,581,580
360,AI_HANDLER_UPDATE,3554.29,6000,573,572
370,AI_HANDLER_UPDATE,3596.74,6000,556,555
380,AI_HANDLER_UPDATE,3632.87,6000,539,538
390,AI_HANDLER_UPDATE,3624.92,6000,539,538
400,AI_HANDLER_UPDATE,3634.9,6000,513,512
410,AI_HANDLER_UPDATE,3640.85,6000,484,483
420,AI_HANDLER_UPDATE,3704.37,6000,493,492
430,AI_HANDLER_UPDATE,3742.75,6000,491,490
440,AI_HANDLER_UPDATE,3746.3,6000,474,473
450,AI_HANDLER_UPDATE,3739.71,6000,471,470
460,AI_HANDLER_UPDATE,3783.01,6000,473,472
470,AI_HANDLER_UPDATE,3801.25,6000,460,459
480,AI_HANDLER_UPDATE,3860.69,6000,452,451
490,AI_HANDLER_UPDATE,3860.43,6000,453,452
500,AI_HANDLER_UPDATE,3879.11,6000,447,446
510,AI_HANDLER_UPDATE,3884.69,6000,440,439
520,AI_HANDLER_UPDATE,3909.85,6000,439,438
530,AI_HANDLER_UPDATE,3916.15,6000,430,429
540,AI_HANDLER_UPDATE,3931.45,6000,416,415
550,AI_HANDLER_UPDATE,3952.69,6000,415,414
560,AI_HANDLER_UPDATE,3963.78,6000,409,408
570,AI_HANDLER_UPDATE,3967.59,6000,398,397
580,AI_HANDLER_UPDATE,3983.87,6000,398,397
590,AI_HANDLER_UPDATE,4016,6000,390,389
600,AI_HANDLER_UPDATE,4007.62,6000,384,383
610,AI_HANDLER_UPDATE,4015.41,6000,378,377
620,AI_HANDLER_UPDATE,4040.12,6000,373,372
630,AI_HANDLER_UPDATE,4062.92,6000,370,369
640,AI_HANDLER_UPDATE,4067.51,6000,363,362
650,AI_HANDLER_UPDATE,4101.42,6000,357,356
660,AI_HANDLER_UPDATE,4098.52,6000,353,352
670,AI_HANDLER_UPDATE,4132.73,6000,348,347
680,AI_HANDLER_UPDATE,4127.93,6000,346,345
690,AI_HANDLER_UPDATE,4161.3,6000,340,339
700,AI_HANDLER_UPDATE,4116.18,6000,334,333
710,AI_HANDLER_UPDATE,4144.8,6000,334,333
720,AI_HANDLER_UPDATE,4167.26,6000,328,327
730,AI_HANDLER_UPDATE,4178.65,6000,324,323
740,AI_HANDLER_UPDATE,4145.65,6000,317,316
750,AI_HANDLER_UPDATE,4188.24,6000,316,315
760,AI_HANDLER_UPDATE,4211.4,6000,311,310
770,AI_HANDLER_UPDATE,4209.19,6000,307,306
780,AI_HANDLER_UPDATE,4212.27,6000,305,304
790,AI_HANDLER_UPDATE,4215.88,6000,300,299
800,AI_HANDLER_UPDATE,4246.36,6000,299,298
810,AI_HANDLER_UPDATE,4195.92,6000,288,287
820,AI_HANDLER_UPDATE,4246.35,6000,291,290
830,AI_HANDLER_UPDATE,4254.25,6000,288,287
840,AI_HANDLER_UPDATE,4224.74,6000,282,281
850,AI_HANDLER_UPDATE,4235.8,6000,277,276
860,AI_HANDLER_UPDATE,4287.63,6000,278,277
870,AI_HANDLER_UPDATE,4285.14,6000,273,272
880,AI_HANDLER_UPDATE,4253.62,6000,270,269
890,AI_HANDLER_UPDATE,4297.18,6000,270,269
900,AI_HANDLER_UPDATE,4305.43,6000,265,264
910,AI_HANDLER_UPDATE,4247.65,6000,256,255
920,AI_HANDLER_UPDATE,4279.63,6000,253,252
930,AI_HANDLER_UPDATE,4246.09,6000,250,249
940,AI_HANDLER_UPDATE,4285.05,6000,251,250
950,AI_HANDLER_UPDATE,4304.35,6000,246,245
960,AI_HANDLER_UPDATE,4328.71,6000,246,245
970,AI_HANDLER_UPDATE,4322.97,6000,242,241
980,AI_HANDLER_UPDATE,4286.51,6000,236,235
990,AI_HANDLER_UPDATE,4338.14,6000,239,238
1000,AI_HANDLER_UPDATE,4329.53,6000,234,233
1010,AI_HANDLER_UPDATE,4334.21,6000,232,231
1020,AI_HANDLER_UPDATE,4286.41,6000,230,229
1030,AI_HANDLER_UPDATE,4308.49,6000,224,223
1040,AI_HANDLER_UPDATE,4311.65,6000,223,222
1050,AI_HANDLER_UPDATE,4272.76,6000,220,219
1060,AI_HANDLER_UPDATE,4309.13,6000,216,215
1070,AI_HANDLER_UPDATE,4360.97,6000,218,217
1080,AI_HANDLER_UPDATE,4270.11,6000,211,210
1090,AI_HANDLER_UPDATE,4310.38,6000,213,212
1100,AI_HANDLER_UPDATE,4353.22,6000,211,210
1110,AI_HANDLER_UPDATE,4370.91,6000,208,207
1120,AI_HANDLER_UPDATE,4355.26,6000,207,206
1130,AI_HANDLER_UPDATE,4366.86,6000,207,206
1140,AI_HANDLER_UPDATE,4382.93,6000,204,203
1150,AI_HANDLER_UPDATE,4381.37,6000,201,200
1160,AI_HANDLER_UPDATE,4386.97,6000,197,196
1170,AI_HANDLER_UPDATE,4414.74,6000,195,194
1180,AI_HANDLER_UPDATE,4403.73,6000,194,193
1190,AI_HANDLER_UPDATE,4393.98,6000,192,191
1200,AI_HANDLER_UPDATE,4385.06,6000,194,193
1210,AI_HANDLER_UPDATE,4389.18,6000,191,190
1220,AI_HANDLER_UPDATE,4397.56,6000,190,189
1230,AI_HANDLER_UPDATE,4407.12,6000,187,186
1240,AI_HANDLER_UPDATE,4398.79,6000,186,185
1250,AI_HANDLER_UPDATE,4402.6,6000,185,184
1260,AI_HANDLER_UPDATE,4417.96,6000,184,183
1270,AI_HANDLER_UPDATE,4418.76,6000,179,178
1280,AI_HANDLER_UPDATE,4403.81,6000,180,179
1290,AI_HANDLER_UPDATE,4412.18,6000,178,177
1300,AI_HANDLER_UPDATE,4287.99,6000,164,163
1310,AI_HANDLER_UPDATE,4375.95,6000,167,166
1320,AI_HANDLER_UPDATE,4391.05,6000,166,165
1330,AI_HANDLER_UPDATE,4417.47,6000,169,168
1340,AI_HANDLER_UPDATE,4425.66,6000,169,168
1350,AI_HANDLER_UPDATE,4366.63,6000,166,165
1360,AI_HANDLER_UPDATE,4463.91,6000,170,169
1370,AI_HANDLER_UPDATE,4428.42,6000,159,158
1380,AI_HANDLER_UPDATE,4453.41,6000,164,163
1390,AI_HANDLER_UPDATE,4476.9,6000,165,164
1400,AI_HANDLER_UPDATE,4467.79,6000,164,163
1410,AI_HANDLER_UPDATE,4441.51,6000,162,161
1420,AI_HANDLER_UPDATE,4463.66,6000,161,160
1430,AI_HANDLER_UPDATE,4486.67,6000,162,161
1440,AI_HANDLER_UPDATE,4456.14,6000,159,158
1450,AI_HANDLER_UPDATE,4468.18,6000,159,158
1460,AI_HANDLER_UPDATE,4486.65,6000,155,154
1470,AI_HANDLER_UPDATE,4470.84,6000,154,153
1480,AI_HANDLER_UPDATE,4483.57,6000,156,155
1490,AI_HANDLER_UPDATE,4487.88,6000,153,152
1500,AI_HANDLER_UPDATE,4508.39,6000,153,152
1510,AI_HANDLER_UPDATE,4502.82,6000,153,152
1520,AI_HANDLER_UPDATE,4458.13,6000,149,148
1530,AI_HANDLER_UPDATE,4496.95,6000,149,148
1540,AI_HANDLER_UPDATE,4534.19,6000,150,149
1550,AI_HANDLER_UPDATE,4508.3,6000,147,146
1560,AI_HANDLER_UPDATE,4512.23,6000,146,145
1570,AI_HANDLER_UPDATE,4532.36,6000,145,144
1580,AI_HANDLER_UPDATE,4534.43,6000,145,144
1590,AI_HANDLER_UPDATE,4513.29,6000,143,142
1600,AI_HANDLER_UPDATE,4499.65,6000,143,142
1610,AI_HANDLER_UPDATE,4548.47,6000,142,141
1620,AI_HANDLER_UPDATE,4514.7,6000,141,140
1630,AI_HANDLER_UPDATE,4517.72,6000,139,138
1640,AI_HANDLER_UPDATE,4548.03,6000,138,137
1650,AI_HANDLER_UPDATE,4553.72,6000,134,133
1660,AI_HANDLER_UPDATE,4568.95,6000,138,137
1670,AI_HANDLER_UPDATE,4545.33,6000,136,135
1680,AI_HANDLER_UPDATE,4548.85,6000,136,135
1690,AI_HANDLER_UPDATE,4534.62,6000,134,133
1700,AI_HANDLER_UPDATE,4526.82,6000,133,132
1710,AI_HANDLER_UPDATE,4555.75,6000,132,131
1720,AI_HANDLER_UPDATE,4570.25,6000,132,131
1730,AI_HANDLER_UPDATE,4596.26,6000,131,130
1740,AI_HANDLER_UPDATE,4536.69,6000,130,129
1750,AI_HANDLER_UPDATE,4619.46,6000,130,129
1760,AI_HANDLER_UPDATE,4603.41,6000,128,127
1770,AI_HANDLER_UPDATE,4600.01,6000,127,126
1780,AI_HANDLER_UPDATE,4653.05,6000,128,127
1790,AI_HANDLER_UPDATE,4608.01,6000,127,126
1800,AI_HANDLER_UPDATE,4601.63,6000,124,123
1810,AI_HANDLER_UPDATE,4609.55,6000,123,122
1820,AI_HANDLER_UPDATE,4640.12,6000,125,124
1830,AI_HANDLER_UPDATE,4607.99,6000,121,120
1840,AI_HANDLER_UPDATE,4645.1,6000,123,122
1850,AI_HANDLER_UPDATE,4653.75,6000,122,121
1860,AI_HANDLER_UPDATE,4641.33,6000,116,115
1870,AI_HANDLER_UPDATE,4625.69,6000,119,118
1880,AI_HANDLER_UPDATE,4671.46,6000,117,116
1890,AI_HANDLER_UPDATE,4662.69,6000,120,119
1900,AI_HANDLER_UPDATE,4686.37,6000,118,117
1910,AI_HANDLER_UPDATE,4658.87,6000,117,116
1920,AI_HANDLER_UPDATE,4663.99,6000,115,114
1930,AI_HANDLER_UPDATE,4654.55,6000,113,112
1940,AI_HANDLER_UPDATE,4643.59,6000,114,113
1950,AI_HANDLER_UPDATE,4675.84,6000,114,113
1960,AI_HANDLER_UPDATE,4645.39,6000,111,110
1970,AI_HANDLER_UPDATE,4651.59,6000,111,110
1980,AI_HANDLER_UPDATE,4676.43,6000,111,110
1990,AI_HANDLER_UPDATE,4650.48,6000,110,109
2000,AI_HANDLER_UPDATE,4701.19,6000,111,110
2010,AI_HANDLER_UPDATE,4676.56,6000,109,108
2020,AI_HANDLER_UPDATE,4684.21,6000,109,108
2030,AI_HANDLER_UPDATE,4674.21,6000,108,107
2040,AI_HANDLER_UPDATE,4681.59,6000,105,104
2050,AI_HANDLER_UPDATE,4741.66,6000,105,104
2060,AI_HANDLER_UPDATE,4753.21,6000,104,103
2070,AI_HANDLER_UPDATE,4679.42,6000,101,100
2080,AI_HANDLER_UPDATE,4760.61,6000,101,100
2086,AI_HANDLER_UPDATE,4697.31,6000,100,99
2100,AI_HANDLER_UPDATE,4693.39,6000,100,99
2110,AI_HANDLER_UPDATE,4728.2,6000,99,98
2086,AI_HANDLER_UPDATE,4688.3,6000,101,100
2086,AI_HANDLER_UPDATE,4761.21,6000,102,101
2110,AI_HANDLER_UPDATE,4744.5,6000,101,100
2110,AI_HANDLER_UPDATE,4757.76,6000,101,100
2110,AI_HANDLER_UPDATE,4722.97,6000,100,99
2110,AI_HANDLER_UPDATE,4726.42,6000,100,99
2110,AI_HANDLER_UPDATE,4739.03,6000,101,100
2110,AI_HANDLER_UPDATE,4774.64,6000,102,101
2086,AI_HANDLER_UPDATE,4735.27,6000,102,101
2086,AI_HANDLER_UPDATE,4733.86,6000,101,100
2110,AI_HANDLER_UPDATE,4783.64,6000,101,100
2086,AI_HANDLER_UPDATE,4790.94,6000,102,101
2110,AI_HANDLER_UPDATE,4717.25,6000,101,100
2086,AI_HANDLER_UPDATE,4735.47,6000,101,100
2110,AI_HANDLER_UPDATE,4702.82,6000,101,100
2086,AI_HANDLER_UPDATE,4574.15,6000,131,130
2086,AI_HANDLER_UPDATE,4779.95,6000,102,101
2110,AI_HANDLER_UPDATE,4772.4,6000,100,99
2110,AI_HANDLER_UPDATE,4709.73,6000,98,97
2086,AI_HANDLER_UPDATE,4731.78,6000,102,101
2086,AI_HANDLER_UPDATE,4702.37,6000,101,100
2110,AI_HANDLER_UPDATE,4733.69,6000,100,99
2110,AI_HANDLER_UPDATE,4735.63,6000,102,101
2086,AI_HANDLER_UPDATE,4777.09,6000,101,100
2110,AI_HANDLER_UPDATE,4737.39,6000,101,100
2110,AI_HANDLER_UPDATE,4763.54,6000,100,99
2110,AI_HANDLER_UPDATE,4691.93,6000,101,100
2086,AI_HANDLER_UPDATE,4731.85,6000,98,97
2110,AI_HANDLER_UPDATE,4718.67,6000,100,99
2086,AI_HANDLER_UPDATE,4716.6,6000,101,100
2086,AI_HANDLER_UPDATE,4782.56,6000,102,101
2110,AI_HANDLER_UPDATE,4777.8,6000,101,100
2086,AI_HANDLER_UPDATE,4729.32,6000,102,101
2086,AI_HANDLER_UPDATE,4700.84,6000,101,100
2086,AI_HANDLER_UPDATE,4676,6000,101,100
2110,AI_HANDLER_UPDATE,4693.07,6000,100,99
2110,AI_HANDLER_UPDATE,4758.82,6000,99,98
2086,AI_HANDLER_UPDATE,4716.41,6000,102,101
2110,AI_HANDLER_UPDATE,4708.64,6000,100,99
2086,AI_HANDLER_UPDATE,4708.7,6000,101,100
2110,AI_HANDLER_UPDATE,4778.38,6000,101,100
2110,AI_HANDLER_UPDATE,4724.87,6000,99,98
2110,AI_HANDLER_UPDATE,4739.8,6000,101,100
2110,AI_HANDLER_UPDATE,4776.73,6000,101,100
2110,AI_HANDLER_UPDATE,4784.8,6000,100,99
2086,AI_HANDLER_UPDATE,4722.15,6000,101,100
2110,AI_HANDLER_UPDATE,4688.85,6000,100,99
2086,AI_HANDLER_UPDATE,4717.28,6000,99,98
2086,AI_HANDLER_UPDATE,4771.66,6000,101,100
2110,AI_HANDLER_UPDATE,4748.78,6000,101,100
2086,AI_HANDLER_UPDATE,4663.8,6000,99,98
2110,AI_HANDLER_UPDATE,4653.77,6000,99,98
2086,AI_HANDLER_UPDATE,4628.68,6000,99,98
2086,AI_HANDLER_UPDATE,4754.62,6000,101,100
2086,AI_HANDLER_UPDATE,4725.96,6000,102,101
2086,AI_HANDLER_UPDATE,4717.91,6000,101,100
2086,AI_HANDLER_UPDATE,4741.93,6000,102,101
2110,AI_HANDLER_UPDATE,4699.38,6000,100,99
2086,AI_HANDLER_UPDATE,4729.38,6000,101,100
2086,AI_HANDLER_UPDATE,4737.44,6000,101,100
2110,AI_HANDLER_UPDATE,4766.08,6000,101,100
2086,AI_HANDLER_UPDATE,4701.9,6000,102,101
2110,AI_HANDLER_UPDATE,4764.49,6000,101,100
2086,AI_HANDLER_UPDATE,4715.83,6000,100,99
2086,AI_HANDLER_UPDATE,4773.77,6000,100,99
2110,AI_HANDLER_UPDATE,4724.84,6000,101,100
2086,AI_HANDLER_UPDATE,4677.83,6000,100,99
2110,AI_HANDLER_UPDATE,4702.48,6000,100,99
2110,AI_HANDLER_UPDATE,4708.03,6000,100,99
2086,AI_HANDLER_UPDATE,4686.85,6000,102,101
2086,AI_HANDLER_UPDATE,4775.52,6000,100,99
2086,AI_HANDLER_UPDATE,4713.78,6000,102,101
2110,AI_HANDLER_UPDATE,4714.39,6000,100,99
2086,AI_HANDLER_UPDATE,4778.89,6000,102,101
2086,AI_HANDLER_UPDATE,4719.6,6000,102,101
2086,AI_HANDLER_UPDATE,4695.08,6000,101,100
2086,AI_HANDLER_UPDATE,4773.04,6000,102,101
2086,AI_HANDLER_UPDATE,4738.51,6000,102,101
2086,AI_HANDLER_UPDATE,4754.42,6000,102,101
2086,AI_HANDLER_UPDATE,4696.22,6000,102,101
2086,AI_HANDLER_UPDATE,4740.52,6000,101,100
2110,AI_HANDLER_UPDATE,4777.14,6000,102,101
2086,AI_HANDLER_UPDATE,4737.04,6000,101,100
2086,AI_HANDLER_UPDATE,4705.47,6000,100,99
2110,AI_HANDLER_UPDATE,4717.83,6000,100,99
2086,AI_HANDLER_UPDATE,4751.3,6000,102,101
2110,AI_HANDLER_UPDATE,4709.89,6000,100,99
2086,AI_HANDLER_UPDATE,4666.51,6000,100,99
2110,AI_HANDLER_UPDATE,4741.82,6000,102,101
2110,AI_HANDLER_UPDATE,4730.87,6000,101,100
2086,AI_HANDLER_UPDATE,4691.99,6000,101,100
2110,AI_HANDLER_UPDATE,4658.68,6000,97,96
2086,AI_HANDLER_UPDATE,4740.7,6000,101,100
2086,AI_HANDLER_UPDATE,4726.96,6000,102,101
2086,AI_HANDLER_UPDATE,4712.55,6000,102,101
2086,AI_HANDLER_UPDATE,4758.31,6000,101,100
2086,AI_HANDLER_UPDATE,4716.02,6000,101,100
2086,AI_HANDLER_UPDATE,4743.97,6000,101,100
2086,AI_HANDLER_UPDATE,4691.58,6000,100,99
2110,AI_HANDLER_UPDATE,4696.36,6000,100,99
2110,AI_HANDLER_UPDATE,4772.97,6000,101,100
2110,AI_HANDLER_UPDATE,4731.53,6000,99,98
2110,AI_HANDLER_UPDATE,4737,6000,100,99
2086,AI_HANDLER_UPDATE,4724.01,6000,100,99
2110,AI_HANDLER_UPDATE,4687.9,6000,100,99
2110,AI_HANDLER_UPDATE,4694.15,6000,100,99
2110,AI_HANDLER_UPDATE,4705.26,6000,100,99
2086,AI_HANDLER_UPDATE,4683.68,6000,102,101
2110,AI_HANDLER_UPDATE,4748.84,6000,100,99
2086,AI_HANDLER_UPDATE,4694.08,6000,102,101
2110,AI_HANDLER_UPDATE,4727.67,6000,100,99
2086,AI_HANDLER_UPDATE,4745.24,6000,99,98
2110,AI_HANDLER_UPDATE,4729.1,6000,100,99
2086,AI_HANDLER_UPDATE,4712.35,6000,102,101
2086,AI_HANDLER_UPDATE,4708.96,6000,101,100
2086,AI_HANDLER_UPDATE,4691.75,6000,101,100
2086,AI_HANDLER_UPDATE,4740.12,6000,101,100
2086,AI_HANDLER_UPDATE,4740,6000,102,101
2086,AI_HANDLER_UPDATE,4728.04,6000,101,100
2086,AI_HANDLER_UPDATE,4724.9,6000,100,99
2086,AI_HANDLER_UPDATE,4728.09,6000,101,100
2086,AI_HANDLER_UPDATE,4713.54,6000,100,99
2086,AI_HANDLER_UPDATE,4704.87,6000,101,100
2086,AI_HANDLER_UPDATE,4695.37,6000,100,99
2086,AI_HANDLER_UPDATE,4690.74,6000,101,100
2086,AI_HANDLER_UPDATE,4756.55,6000,100,99
2086,AI_HANDLER_UPDATE,4741.4,6000,101,100
2110,AI_HANDLER_UPDATE,4667.97,6000,101,100
2086,AI_HANDLER_UPDATE,4703.6,6000,101,100
2110,AI_HANDLER_UPDATE,4696.61,6000,100,99
2110,AI_HANDLER_UPDATE,4762.93,6000,100,99
2086,AI_HANDLER_UPDATE,4728.75,6000,100,99
2086,AI_HANDLER_UPDATE,4757.37,6000,101,100
2086,AI_HANDLER_UPDATE,4690.15,6000,100,99
2086,AI_HANDLER_UPDATE,4728.47,6000,99,98
2086,AI_HANDLER_UPDATE,4711.29,6000,100,99
2086,AI_HANDLER_UPDATE,4747.98,6000,100,99
2086,AI_HANDLER_UPDATE,4722.62,6000,101,100
2086,AI_HANDLER_UPDATE,4735.24,6000,101,100
2086,AI_HANDLER_UPDATE,4718.84,6000,101,100
2086,AI_HANDLER_UPDATE,4709.75,6000,101,100
2086,AI_HANDLER_UPDATE,4768.97,6000,101,100
2086,AI_HANDLER_UPDATE,4704.65,6000,102,101
2086,AI_HANDLER_UPDATE,4696.75,6000,101,100
2086,AI_HANDLER_UPDATE,4708.21,6000,101,100
2086,AI_HANDLER_UPDATE,4687.71,6000,100,99
2110,AI_HANDLER_UPDATE,4733.73,6000,101,100
2110,AI_HANDLER_UPDATE,4756.2,6000,100,99
2110,AI_HANDLER_UPDATE,4701.18,6000,100,99
2110,AI_HANDLER_UPDATE,4750.03,6000,100,99
2110,AI_HANDLER_UPDATE,4749.12,6000,98,97
2110,AI_HANDLER_UPDATE,4761.92,6000,100,99
2086,AI_HANDLER_UPDATE,4749.68,6000,100,99
2086,AI_HANDLER_UPDATE,4765.8,6000,100,99
2086,AI_HANDLER_UPDATE,4703.14,6000,101,100
2110,AI_HANDLER_UPDATE,4722.32,6000,101,100
2086,AI_HANDLER_UPDATE,4725.84,6000,102,101
2086,AI_HANDLER_UPDATE,4792.74,6000,102,101
2086,AI_HANDLER_UPDATE,4720.55,6000,101,100
2110,AI_HANDLER_UPDATE,4767.9,6000,100,99
2086,AI_HANDLER_UPDATE,4773.49,6000,102,101
2110,AI_HANDLER_UPDATE,4670.17,6000,100,99
2086,AI_HANDLER_UPDATE,4725.31,6000,101,100
2086,AI_HANDLER_UPDATE,4707.22,6000,100,99
2086,AI_HANDLER_UPDATE,4713.51,6000,101,100
2086,AI_HANDLER_UPDATE,4742.79,6000,101,100
2086,AI_HANDLER_UPDATE,4677.67,6000,101,100
2086,AI_HANDLER_UPDATE,4731.08,6000,101,100
2110,AI_HANDLER_UPDATE,4753.52,6000,100,99
2086,AI_HANDLER_UPDATE,4686.99,6000,101,100
2110,AI_HANDLER_UPDATE,4678.99,6000,99,98
2086,AI_HANDLER_UPDATE,4697.65,6000,100,99
2086,AI_HANDLER_UPDATE,4651.66,6000,98,97
2086,AI_HANDLER_UPDATE,4711.84,6000,102,101
2086,AI_HANDLER_UPDATE,4713.84,6000,101,100
2110,AI_HANDLER_UPDATE,4773.58,6000,101,100
2086,AI_HANDLER_UPDATE,4713.2,6000,100,99
2110,AI_HANDLER_UPDATE,4760.41,6000,98,97
2110,AI_HANDLER_UPDATE,4767.46,6000,100,99
2110,AI_HANDLER_UPDATE,4754.68,6000,99,98
2086,AI_HANDLER_UPDATE,4783.69,6000,102,101
2086,AI_HANDLER_UPDATE,4739.49,6000,102,101
2086,AI_HANDLER_UPDATE,4692.83,6000,102,101
2086,AI_HANDLER_UPDATE,4701.72,6000,101,100
2110,AI_HANDLER_UPDATE,4725.99,6000,101,100
2086,AI_HANDLER_UPDATE,4764.8,6000,101,100
2110,AI_HANDLER_UPDATE,4661.54,6000,99,98
2086,AI_HANDLER_UPDATE,4695.59,6000,101,100
2086,AI_HANDLER_UPDATE,4611.66,6000,97,96
